institution_name,Fiscal Year,timestep,reverse_timestep,EUI-Adjusted Floor Space,gsf,Weighted Campus User,fte_per_gsf,Maintained Acres,Total Enrollment (FTE)2,Faculty (FTE)3,Staff (FTE)4,E-Grid Pre-2006,E-Grid,Scope 1 Emissions,Scope 2 Emissions,Scope 3 Emissions,Gross Emissions,Net Emissions,net_mtcde_per_gsf,Stationary Emissions,Fleet Emissions,Refrigerant Emissions,Agricultural Emissions,Purchased Electric Emissions,Purchased Steam Emissions,Purchased Chilled Water Emissions,Student Community Emissions,Employee Commuting Emissions,Other Travel Emissions,Waste Emissions,Wasterwater  Emissions,Paper Emissions,T&D Losses Emissions,Landfilled Waste,Incinerated Waste,C&D Waste,Recycling,Compost,Other,Waste
a,2017,15,4,"248,942",248942,416,0.00167,0,298,90,68,WECC California,WECC California,840.0128467,429.2013956,555.3030901,1824.517332,"1,824.52",0.00733,584.2693621,255.6980763,0,0.045408263,429.2013956,0,0,13.6495915,106.1943118,141.8034551,258.94792,5.095961665,10.6547454,18.95710456,182.05,0,0,15.59,8.78,3,209.35
a,2019,17,2,"248,942",248942,422,0.0017,0,321,82,59,WECC California,WECC California,859.4927909,390.5963404,522.6462135,1772.735345,"1,772.74",0.00712,626.2604782,233.1869044,0,0.045408263,390.5963404,0,0,19.19100844,92.21409228,145.9174687,229.85984,5.095961665,10.6547454,19.71309699,161.6,0,0,4.07,66.22,15,247.3
a,2018,16,3,"248,942",248942,434,0.00174,0,320,92,63,WECC California,WECC California,831.418538,380.4972577,453.6304715,1665.546267,"1,665.55",0.00669,599.532408,231.8407217,0,0.045408263,380.4972577,0,0,14.50554806,106.2152374,105.3626149,192.59296,5.095961665,10.6547454,19.20340405,135.4,0,0,1.01,59.92,0,196.33
a,2016,14,5,"248,942",248942,416,0.00167,0,298,90,68,WECC California,WECC California,829.7610664,390.6009577,382.8310719,1603.193096,"1,603.19",0.00644,570.4275402,255.7981782,3.489939695,0.045408263,390.6009577,0,0,13.65493474,106.2358775,92.4197325,137.517632,5.095961665,10.6547454,17.25218807,96.68,0,0,8.02,15.95,0,120.65
a,2020,18,1,"248,942",248942,431,0.00173,0,326,79,66,WECC California,WECC California,808.5749245,332.1683423,355.064354,1495.807621,"1,495.81",0.00601,640.2542734,168.2752428,0,0.045408263,332.1683423,0,0,14.0734062,83.70348516,90.33877165,137.9728,5.108446552,7.1031636,16.76428085,97,0,0,5.48,26.56,0,129.04
a,2021,19,0,"248,942",248942,360,0.00145,0,280,51,53,WECC California,WECC California,629.8516049,276.3144658,292.4152084,1198.581279,"1,198.58",0.00481,544.6770062,85.12919046,0,0.045408263,276.3144658,0,0,11.51460507,56.02621854,2.08435969,198.936864,2.804618808,7.1031636,13.94537865,139.86,0,0,1.48,0,0,141.34
b,2014,12,7,"285,371",285371,333,0.00117,45,252,55,59,CALI,CAMX,560.1795459,405.394005,617.3530512,1582.926602,"1,582.93",0.00555,272.319841,102.2046316,101.8042715,83.85080182,405.394005,0,0,32.08083552,156.9435355,366.7569921,-1.2135,42.38987996,0,20.3953081,40.45,0,0,6.57,60,54,161.04
b,2015,13,6,"285,371",285371,339,0.00119,45,260,55,59,CALI,CAMX,416.9203723,392.7482024,615.4542595,1425.122834,"1,425.12",0.00499,226.8800175,94.59200492,8.210021897,87.23832797,392.7482024,0,0,41.22297843,156.8529384,362.8014824,-0.6321,35.44986049,0,19.75909977,21.07,0,0,8.8,26.39,70,126.65
b,2016,14,5,"287,991",287991,337,0.00117,45,257,55,59,CALI,CAMX,439.6387257,403.8236787,613.4372327,1456.899637,"1,456.90",0.00506,228.7946168,92.23877025,32.84008759,85.76525104,403.8236787,0,0,38.93281296,156.8529384,367.579182,-0.7995,30.55549416,0,20.31630523,26.65,0,0,15.96,31.27,29,102.82
b,2017,15,4,"291,291",291291,340,0.00117,45,261,55,59,CALI,CAMX,501.3461313,77.26454626,632.2363934,1210.847071,"1,210.85",0.00416,255.3862738,86.87797362,70.74779985,88.33408398,77.26454626,0,0,39.92070953,158.7317356,366.268674,-0.81,39.92826634,8.967869468,19.22913848,27,0,0,15.96,31.27,29,103.17
b,2018,16,3,"291,291",291291,340,0.00117,45,261,55,59,CALI,CAMX,501.3461313,77.26454626,632.2363934,1210.847071,"1,210.85",0.00416,255.3862738,86.87797362,70.74779985,88.33408398,77.26454626,0,0,39.92070953,158.7317356,366.268674,-0.81,39.92826634,8.967869468,19.22913848,27,0,0,15.96,31.27,29,103.17
b,2019,17,2,"291,291",291291,340,0.00117,45,261,55,59,CALI,CAMX,501.3461313,77.26454626,632.2363934,1210.847071,"1,210.85",0.00416,255.3862738,86.87797362,70.74779985,88.33408398,77.26454626,0,0,39.92070953,158.7317356,366.268674,-0.81,39.92826634,8.967869468,19.22913848,27,0,0,15.96,31.27,29,103.17
b,2020,18,1,"291,291",291291,340,0.00117,45,261,55,59,CALI,CAMX,501.3461313,77.26454626,632.2363934,1210.847071,"1,210.85",0.00416,255.3862738,86.87797362,70.74779985,88.33408398,77.26454626,0,0,39.92070953,158.7317356,366.268674,-0.81,39.92826634,8.967869468,19.22913848,27,0,0,15.96,31.27,29,103.17
b,2010,8,11,"294,142",294142,329,0.00112,45,249,55,59,CALI,CAMX,611.078071,437.6962709,588.4944052,1637.268747,"1,637.27",0.00557,326.6678696,102.4829846,101.8042715,80.12294521,437.6962709,0,0,34.52866411,157.6574531,321.048727,-1.389,44.51199493,0,32.13656605,46.3,0,0,4.33,20,0,70.63
b,2011,9,10,"294,142",294142,329,0.00112,45,249,55,59,CALI,CAMX,639.9445893,324.4257205,553.3959755,1517.766285,"1,517.77",0.00516,355.6846857,102.3326869,101.8042715,80.12294521,324.4257205,0,0,34.46245178,157.3551284,296.6870251,-1.389,42.46036245,0,23.82000782,46.3,0,0,4.33,20,0,70.63
b,2012,10,9,"295,377",295377,335,0.00113,45,256,55,59,CALI,CAMX,610.4002929,350.1375935,547.7457435,1508.28363,"1,508.28",0.00511,326.2211297,102.2519464,101.8042715,80.12294521,350.1375935,0,0,41.27059872,157.0341331,285.1336886,-1.389,44.28139839,0,21.41492466,46.3,0,0,11.24,50,35,142.27
b,2013,11,8,"295,577",295577,330,0.00112,45,249,55,59,CALI,CAMX,586.3172728,358.2980045,617.79416,1562.409437,"1,562.41",0.00529,303.3948514,102.2378236,101.8042715,78.88032635,358.2980045,0,0,32.09318158,157.0039341,369.0018907,-1.9977,39.77882636,0,21.91402727,66.59,0,0,8.57,60,231,365.8
c,2013,11,8,"302,010",302010,"2,222",0.00736,0,2599,157,207,WECC Southwest,AZNM: WECC Southwest,226.532461,3254.06668,3162.866908,6643.46605,"6,643.47",0.022,134.8754976,14.90747141,73.70876013,3.0407319,3254.06668,0,0,1831.397567,720.79701,152.1606292,193.729536,19.02809244,46.73062053,199.0234528,360.36,0,0,0,0,0,360.36
c,2014,12,7,"302,010",302010,"2,130",0.00705,0,2472,161,206,WECC Southwest,AZNM: WECC Southwest,183.552418,2409.699256,2634.651771,5227.903446,"5,227.90",0.01731,94.33377871,12.46914726,73.70876013,3.0407319,2409.699256,0,0,1759.6991,492.6273827,7.929045563,185.657472,19.02809244,48.47909157,121.2315874,360.36,0,0,0,0,0,360.36
c,2016,14,5,"302,010",302010,"1,979",0.00655,0,2275,150,214,WECC Southwest,AZNM: WECC Southwest,243.8621092,2644.630592,1962.645782,4851.138483,"4,851.14",0.01606,148.8661766,19.19745138,73.70876013,2.0897211,2644.630592,0,0,960.1392524,459.4700122,188.1540205,185.657472,18.46026922,34.35472395,116.4100318,360.36,0,0,0,0,0,360.36
c,2015,13,6,"302,010",302010,"2,010",0.00666,0,2318,159,202,WECC Southwest,AZNM: WECC Southwest,188.118679,2327.005182,2292.572199,4807.696059,"4,807.70",0.01592,94.99470836,16.37447857,73.70876013,3.0407319,2327.005182,0,0,1314.21705,463.9412418,153.965329,185.657472,19.02809244,38.69175173,117.0712616,360.36,0,0,0,0,0,360.36
c,2017,15,4,"302,010",302010,"1,946",0.00644,0,2238,144,213,WECC Southwest,AZNM: WECC Southwest,216.5387861,1397.991823,2437.777639,4052.308248,"4,052.31",0.01342,122.6948674,19.15912119,73.70876013,0.9760374,1397.991823,0,0,1458.300844,507.9180196,169.7335231,185.657472,18.86232137,39.98944508,57.31601401,360.36,0,0,0,0,0,360.36
c,2018,16,3,"302,010",302010,"1,995",0.0066,0,2305,150,205,WECC Southwest,AZNM: WECC Southwest,194.232002,1369.557015,1889.332502,3453.121519,"3,453.12",0.01143,97.74985068,21.89871148,73.70876013,0.87467967,1369.557015,0,0,969.081407,454.5702842,157.5593191,185.657472,19.81448491,38.35708344,64.29245106,360.36,0,0,0,0,0,360.36
c,2021,19,0,"333,702",333702,"1,971",0.00591,0,2246,155,228,WECC Southwest,AZNM: WECC Southwest,460.1468226,2087.366071,1038.339787,3585.852681,"3,585.85",0.01075,72.92324513,1.515580293,383.2855527,2.4224445,2087.366071,0,0,649.306794,176.3997148,14.3465129,15.863008,20.34783124,1.7709379,160.3049883,30.79,0,0,6.92,0,0,37.71
c,2020,18,1,"351,388",351388,"1,900",0.00541,0,2155,158,220,WECC Southwest,AZNM: WECC Southwest,575.8750265,2144.95977,2581.944823,5302.779619,"5,302.78",0.01509,178.8771902,12.09732066,383.2855527,1.614963,2144.95977,0,0,1366.270338,892.7784705,66.37723279,25.043872,18.13858594,10.6547454,202.6815788,48.61,0,0,7.93,0,0,56.54
c,2019,17,2,"351,388",351388,"1,903",0.00542,0,2155,153,230,WECC Southwest,AZNM: WECC Southwest,207.7835546,1589.707969,2587.502381,4384.993904,"4,384.99",0.01248,118.5647816,14.79675474,73.70876013,0.7132581,1589.707969,0,0,1343.052324,758.7512881,158.3271701,185.657472,20.7026071,38.35708344,82.65443596,360.36,0,0,0,0,0,360.36
d,2004,2,17,"383,559",383559,"1,798",0.00469,22,1950,100,100,NEWE,NEWE,1754.881228,1895.66818,3921.125191,7571.674599,"7,571.67",0.01974,1622.820752,107.8093528,19.70405255,4.547070551,1895.66818,0,0,2055.500974,290.4240244,1338.830237,-12.69,4.988162315,56.58812771,187.4836661,423,0,0,0,100,0,523
d,2005,3,16,"404,232",404232,"1,798",0.00445,22,1950,100,100,NEWE,NEWE,1837.958027,2345.738669,3918.068226,8101.764922,"8,101.76",0.02004,1704.424697,107.6402022,21.34605693,4.547070551,2345.738669,0,0,2074.042417,292.9316159,1270.211771,-12.69,4.988162315,56.58812771,231.9961321,423,0,0,0,100,0,523
d,2006,4,15,"438,971",438971,"1,742",0.00397,22,1875,100,100,NEWE,NEWE,1717.377984,2418.251609,3645.427156,7781.05675,"7,781.06",0.01773,1581.857368,107.9854842,22.98806131,4.547070551,2418.251609,0,0,1770.770241,382.4640777,1204.138806,-12.69,4.988162315,56.58812771,239.1677416,423,0,0,0,100,0,523
d,2007,5,14,"445,371",445371,"2,007",0.00451,22,1999,195,190,NEWE,NEWE,1537.584683,1517.388294,3612.783218,6667.756195,"6,667.76",0.01497,1400.563428,107.8441185,24.63006569,4.547070551,1517.388294,0,0,1527.174133,594.3248158,1292.32661,-12.69,4.988162315,56.58812771,150.0713698,423,0,0,0,100,0,523
d,2008,6,13,"466,571",466571,"2,065",0.00443,22,2061,186,198,NEWE,NEWE,1514.366623,1974.326453,3272.192674,6760.88575,"6,760.89",0.01449,1399.816734,106.7188089,3.284008759,4.547070551,1974.326453,0,0,1205.050722,551.0455699,1272.707894,-12.69,4.988162315,55.82726961,195.2630558,423,0,0,0,100,0,523
d,2010,8,11,"466,571",466571,"2,176",0.00466,22,2141,194,202,NEWE,NEWE,1346.209355,1839.412823,3378.620788,6564.242966,"6,564.24",0.01407,1239.530735,92.54868952,13.13603504,0.993895202,1839.412823,0,0,1202.586229,635.8631756,1380.052033,-11.8686,5.052830899,53.24499644,113.6901225,395.62,0,16,346.44,381.46,0,1139.24
d,2009,7,12,"466,571",466571,"2,100",0.0045,22,2058,179,193,NEWE,NEWE,1504.183401,1742.785613,3220.98877,6467.957785,"6,467.96",0.01386,1394.51489,106.2116097,2.463006569,0.993895202,1742.785613,0,0,1167.627275,613.0166448,1221.699441,-13.86,4.988162315,55.15383506,172.3634123,462,0,0,297.99793,150,0,909.99793
d,2012,10,9,"507,325",507325,"2,250",0.00444,22,2188,197,214,NEWE,NEWE,1257.93397,1764.722123,3056.167487,6078.823581,"6,078.82",0.01198,1107.660049,90.97526278,58.30476324,0.993895202,1764.722123,0,0,790.8275063,660.9676752,1386.039682,-10.5561,4.850157398,45.86918064,178.1693861,351.87,0,8,344.09,807.38,0,1511.14
d,2011,9,10,"511,696",511696,"2,212",0.00432,22,2141,209,235,NEWE,NEWE,1474.936302,1975.821405,3475.336514,6926.094221,"6,926.09",0.01354,1370.455822,100.2025754,3.284008759,0.993895202,1975.821405,0,0,1200.586744,716.1754966,1386.471809,-12.9915,5.299997278,57.67272615,122.1212414,433.05,0,33,430.35,516.8,0,1413.54
d,2013,11,8,"537,023",537023,"2,378",0.00443,22,2274,214,282,NEWE,NEWE,1332.71915,1820.921575,3445.12805,6598.768774,"6,598.77",0.01229,1227.708085,84.56096738,19.59700475,0.853093382,1820.921575,0,0,859.7291719,843.9701664,1525.233229,-10.5771,4.937703133,37.99149901,183.8433796,352.57,0,29,193.3689106,242.8077191,0,818.1966297
d,2014,12,7,"537,023",537023,"2,540",0.00473,22,2458,258,237,NEWE,NEWE,1389.126959,1545.107175,2946.529009,5880.763143,"5,880.76",0.01095,1304.413315,76.82079744,7.039753582,0.853093382,1545.107175,0,0,668.265038,820.1263145,1348.919608,-12.2196,5.336822102,35.29284324,80.80798337,407.32,0,29,221.6264365,285.2374757,0,943.6339122
d,2015,13,6,"595,644",595643.9,"3,210",0.00539,22,3175,222,243,NEWE,NEWE,1402.656271,1752.66042,3401.520977,6556.837667,"6,556.84",0.01101,1306.964518,63.34554657,31.44755901,0.898646912,1752.66042,0,0,862.6542431,779.8352697,1633.075318,-6.6657,5.666135635,35.29284324,91.66286738,222.19,0,0,75.16080446,192.7821151,0,490.1329195
d,2016,14,5,"667,263",667263,"3,390",0.00508,22,3442,288,250,NEWE,NEWE,1110.18489,1818.681819,3524.432134,6453.298844,"6,453.30",0.00967,1044.711215,20.10029646,44.47473188,0.898646912,1818.681819,0,0,1015.484988,886.6245096,1498.961453,-7.6266,4.974524384,30.89752109,95.11573863,254.22,0,18,82.05165615,395.6226842,0,749.7543404
d,2017,15,4,"667,263",667263,"3,390",0.00508,22,3442,288,250,NEWE,NEWE,1110.18489,1818.681819,3524.432134,6453.298844,"6,453.30",0.00967,1044.711215,20.10029646,44.47473188,0.898646912,1818.681819,0,0,1015.484988,886.6245096,1498.961453,-7.6266,4.974524384,30.89752109,95.11573863,254.22,0,18,82.05165615,395.6226842,0,749.7543404
e,2010,8,11,"670,016",670016,"1,729",0.00258,43,1579,131,192,NEWE,NEWE,2017.560145,1442.882152,2551.020583,6011.462881,"6,011.46",0.00897,1841.090391,16.53105792,157.2840615,2.654634612,1442.882152,0,0,370.4271209,324.7067956,1724.269971,-0.51,8.441570935,34.50370411,89.18142058,17,0,0,106,39,0,162
e,2011,9,10,"691,302",691302,"1,828",0.00264,43,1685,137,194,NEWE,NEWE,2422.535775,1510.530839,2720.187428,6653.254043,"6,653.25",0.00962,2130.479949,132.1171304,157.2840615,2.654634612,1510.530839,0,0,421.8612232,331.6093097,1832.796297,-0.5145,6.568755463,34.50370411,93.3626394,17.15,0,0,106,39,0,162.15
e,2013,11,8,"711,960",711960,"1,950",0.00274,43,1812,153,211,NEWE,NEWE,2637.849891,1349.95085,3026.118246,7013.918987,"7,013.92",0.00985,2319.579603,158.3315913,157.2840615,2.654634612,1349.95085,0,0,539.3718652,364.4066279,1942.739769,-0.6078,7.330238372,36.58418224,136.2933638,20.26,0,0,114.17,16.21,0,150.64
e,2012,10,9,"711,960",711960,"1,764",0.00248,43,1618,145,197,NEWE,NEWE,2569.602613,1299.418915,3077.58083,6946.602358,"6,946.60",0.00976,2260.180756,149.4831616,157.2840615,2.654634612,1299.418915,0,0,441.4373813,341.9472524,2121.030416,-0.528,6.559101775,35.94310558,131.1915725,17.6,0,0,109.38,39,0,165.98
e,2014,12,7,"715,336",715336,"2,012",0.00281,43,1874,165,220,NEWE,NEWE,2895.584891,1164.11135,3441.633483,7501.329724,"7,501.33",0.01049,2642.441675,93.20451959,157.2840615,2.654634612,1164.11135,0,0,599.5585472,384.7814485,2354.138628,-0.6042,7.307069521,35.56981198,60.88217834,20.14,0,0,101.85,20.79,0,142.78
e,2015,13,6,"715,336",715336,"2,079",0.00291,43,1928,170,222,NEWE,NEWE,2880.126808,1239.184965,3316.925187,7436.236961,"7,436.24",0.0104,2636.660649,83.52746332,157.2840615,2.654634612,1239.184965,0,0,568.687737,391.0603327,2250.333304,-0.6042,5.257398485,37.38214071,64.80847394,20.14,0,0,84.84,60,0,164.98
e,2016,14,5,"715,336",715336,"2,162",0.00302,43,2013,175,227,NEWE,NEWE,2462.257156,1272.388597,3632.955159,7367.600912,"7,367.60",0.0103,2215.350945,86.96751563,157.2840615,2.654634612,1272.388597,0,0,609.0939709,414.6596857,2501.842774,-0.75,5.16781226,36.39591611,66.54499974,25,0,0,191,41.322,0,257.322
e,2017,15,4,"715,336",715336,"2,186",0.00306,43,2013,175,227,NEWE,NEWE,2462.257156,1272.388597,3632.955159,7367.600912,"7,367.60",0.0103,2215.350945,86.96751563,157.2840615,2.654634612,1272.388597,0,0,609.0939709,414.6596857,2501.842774,-0.75,5.16781226,36.39591611,66.54499974,25,0,0,191,41.322,0,257.322
f,2009,7,12,"682,815",682815,"3,953",0.00579,43,4723,247,301,NEWE,NEWE,2427.310029,3759.174591,4356.463206,10542.94783,"10,542.95",0.01544,2256.192168,168.4159979,0,2.701863393,3759.174591,0,0,2424.09539,666.0899637,812.6171283,-7.11,8.292287191,80.6919385,371.7864981,237,0,0,74,0,43,354
f,2010,8,11,"723,591",723591,"4,053",0.0056,43,4859,245,300,NEWE,NEWE,2249.613887,3635.903892,4307.831808,10193.34959,"10,193.35",0.01409,2115.882446,129.6786459,0,4.052795089,3635.903892,0,0,2527.757939,705.6934096,772.0870689,-6.75,6.891563004,77.42448324,224.7273443,225,0,0,83,0,31,339
f,2011,9,10,"757,301",757301,"4,214",0.00556,43,5062,258,299,NEWE,NEWE,2490.385089,3505.492783,4524.383636,10520.26151,"10,520.26",0.01389,2362.62125,123.598466,0,4.16537273,3505.492783,0,0,2491.976297,721.7792629,1022.913378,-7.59,5.688292625,72.94949017,216.6669161,253,0,0,78,0,23,354
f,2012,10,9,"757,301",757301,"4,356",0.00575,43,5229,265,315,NEWE,NEWE,2300.506039,2996.769338,4717.113116,10014.38849,"10,014.39",0.01322,2000.889562,120.6483088,173.5081534,5.460015606,2996.769338,0,0,2709.550678,810.3414439,825.4699182,-11.2872,6.180188321,74.29909126,302.5589958,376.24,0,0,76,0,17,469.24
f,2014,12,7,"766,697",766697,"4,526",0.0059,43,5437,269,329,NEWE,NEWE,3246.310684,2416.035848,6138.32673,11800.67326,"11,800.67",0.01539,3018.431424,125.4469239,98.52026276,3.912073037,2416.035848,0,0,3790.342717,1174.458322,975.0786701,-10.9413,6.31723334,76.71416688,126.3569206,364.71,0,0,117.24,18,30,529.95
f,2013,11,8,"766,697",766697,"4,451",0.0058,43,5338,270,326,NEWE,NEWE,2520.590774,2887.064896,4987.731894,10395.38756,"10,395.39",0.01356,2314.336111,129.4525656,73.48105676,3.32104042,2887.064896,0,0,2767.635393,765.9935636,1088.30317,-11.1012,5.791456942,79.62646396,291.4830463,370.04,0,0,88,8,30,496.04
f,2016,14,5,"869,051",869051,"4,484",0.00516,43,5340,289,350,NEWE,NEWE,3277.15334,2750.387533,6982.486404,13010.02728,"13,010.03",0.01497,2322.10345,122.8141014,828.0873025,4.148486084,2750.387533,0,0,4224.132983,1510.219543,1046.236698,-14.1177,10.21593387,76.50107197,129.2978748,470.59,0,48,136.72,0,13,668.44
f,2015,13,6,"869,051",869051,"4,518",0.0052,43,5373,308,343,NEWE,NEWE,3704.500399,3033.857424,5809.320678,12547.6785,"12,547.68",0.01444,2964.911744,123.0814532,612.1954781,4.311723664,3033.857424,0,0,3625.935223,878.2239877,1071.179351,-12.0051,8.828718319,78.48995778,158.6685404,400.17,0,19,133.86,0,9,561.7
f,2018,16,3,"966,542",966542,"4,575",0.00473,43,5449,300,351,NEWE,NEWE,3430.795992,3048.658908,7664.277723,14143.73262,"14,143.73",0.01463,2913.196333,112.6243584,401.3784451,3.596855641,3048.658908,0,0,5027.574361,1413.286764,1016.317025,-12.6858,9.185542983,54.12610663,156.4737225,422.86,0,21,185.55,0,6,635.4845
f,2019,17,2,"966,542",966542,"4,416",0.00457,43,5332,207,349,NEWE,NEWE,3441.18733,3080.242507,7506.051633,14027.48147,"14,027.48",0.01451,3319.277187,103.5422117,14.62472519,3.743206575,3080.242507,0,0,4918.249559,1207.208592,1088.448586,-11.9241,8.547197252,137.4270342,158.0947642,397.47,0,23,162.11,0,7,589.365
f,2017,15,4,"966,542",966542,"4,537",0.00469,43,5410,287,352,NEWE,NEWE,3320.14591,2983.355232,6914.932569,13218.43371,"13,218.43",0.01368,2928.020251,141.3372002,245.8969597,4.891498517,2983.355232,0,0,4280.487663,1510.584963,922.0528297,-12.9021,9.110239055,65.34910512,140.2498691,430.07,0,29,163.9,0,7,629.99
f,2020,18,1,"966,542",966542,"4,274",0.00442,43,5160,189,350,NEWE,NEWE,3506.537071,2852.016669,5283.044826,11641.59857,"11,641.60",0.01204,3392.748505,95.77947571,14.62472519,3.384365343,2852.016669,0,0,3570.821366,903.3753087,616.7724183,-10.4262,6.959633806,49.16132351,146.3809754,347.54,0,23,118.603,0,17,506.153
f,2021,19,0,"966,542",966542,"4,065",0.00421,43,4862,208,351,NEWE,NEWE,3340.93812,2866.22332,2172.967475,8380.128914,"8,380.13",0.00867,3257.162509,71.87845921,8.052625345,3.844526452,2866.22332,0,0,1370.472062,313.0743566,1.559052295,-10.4262,5.285201106,345.8928648,147.1101379,347.54,0,23,110.81,0,9,489.56
g,2011,9,10,"704,322",704322,"1,516",0.00215,62,1457,210,205,CALI,CAMX,1398.926463,2153.085507,4422.978959,7974.990929,"7,974.99",0.01132,1328.965924,43.36985702,25.24849942,1.342183227,2153.085507,0,0,1398.287708,749.3012519,2100.228341,-19.0905,11.02892488,25.13923894,158.0839939,636.35,0,0,393.4395,0,0,1029.7895
g,2014,12,7,"711,827",711827,"1,562",0.00219,62,1480,221,220,CALI,CAMX,1271.205866,2218.9924,4364.345691,7854.543957,"7,854.54",0.01103,1213.717682,44.41337556,11.73262523,1.342183227,2218.9924,0,0,1368.800016,792.7846189,2063.718838,-10.14,12.40582389,25.13923894,111.6371557,338,0,0,379.2615,0,0,717.2615
g,2013,11,8,"711,827",711827,"1,513",0.00213,62,1437,220,211,CALI,CAMX,1347.66395,2522.123656,3644.921293,7514.708899,"7,514.71",0.01056,1288.355145,37.21542292,20.75119912,1.342183227,2522.123656,0,0,1361.112145,773.6160553,1338.858676,-19.0905,11.02892488,25.13923894,154.2567524,636.35,0,0,393.4395,0,0,1029.7895
g,2012,10,9,"711,827",711827,"1,504",0.00211,62,1431,213,212,CALI,CAMX,1344.151184,2357.392909,3714.075585,7415.619678,"7,415.62",0.01042,1264.193965,43.32901693,35.28601799,1.342183227,2357.392909,0,0,1358.196233,766.4698866,1428.150221,-19.0905,11.02892488,25.13923894,144.1815803,636.35,0,0,393.4395,0,0,1029.7895
g,2016,14,5,"717,027",717027,"1,524",0.00213,62,1442,220,230,CALI,CAMX,1258.479243,3445.788539,6197.860487,10902.12827,"10,902.13",0.0152,1213.013697,45.36201462,0,0.10353075,3445.788539,0,0,1466.882569,894.3299415,3637.116162,-12.2055,8.250303129,30.12993609,173.3570749,406.85,0,0,542.3085,0,0,949.1585
g,2017,15,4,"717,027",717027,"1,550",0.00216,62,1449,234,245,CALI,CAMX,1233.709941,3410.078924,4838.414501,9482.203367,"9,482.20",0.01322,1149.763782,59.80165728,23.47341,0.671091613,3410.078924,0,0,1526.818329,981.6524715,2148.982307,-13.02,6.80211935,15.59809539,171.5811794,434,0,0,542.3085,0,0,976.3085
g,2018,16,3,"717,027",717027,"1,550",0.00216,62,1449,234,245,CALI,CAMX,1233.709941,3410.078924,4838.414501,9482.203367,"9,482.20",0.01322,1149.763782,59.80165728,23.47341,0.671091613,3410.078924,0,0,1526.818329,981.6524715,2148.982307,-13.02,6.80211935,15.59809539,171.5811794,434,0,0,542.3085,0,0,976.3085
g,2019,17,2,"717,027",717027,"1,550",0.00216,62,1449,234,245,CALI,CAMX,1233.709941,3410.078924,4838.414501,9482.203367,"9,482.20",0.01322,1149.763782,59.80165728,23.47341,0.671091613,3410.078924,0,0,1526.818329,981.6524715,2148.982307,-13.02,6.80211935,15.59809539,171.5811794,434,0,0,542.3085,0,0,976.3085
g,2020,18,1,"717,027",717027,"1,550",0.00216,62,1449,234,245,CALI,CAMX,1233.709941,3410.078924,4838.414501,9482.203367,"9,482.20",0.01322,1149.763782,59.80165728,23.47341,0.671091613,3410.078924,0,0,1526.818329,981.6524715,2148.982307,-13.02,6.80211935,15.59809539,171.5811794,434,0,0,542.3085,0,0,976.3085
g,2015,13,6,"717,027",717027,"1,547",0.00216,62,1460,225,223,CALI,CAMX,1196.437559,3743.992376,4328.928757,9269.358692,"9,269.36",0.01293,1134.636002,36.38367156,25.31435469,0.10353075,3743.992376,0,0,1421.620323,834.7392088,1858.46419,-10.14,10.74613288,25.13923894,188.3596626,338,0,0,379.2615,0,0,717.2615
h,2004,2,17,"801,895",801895,"1,480",0.00185,160,1248,115,278,NEWE,NEWE,2441.302493,3755.172387,2641.012408,8837.487287,"8,837.49",0.01102,2102.336402,291.0489422,0,47.91714801,3755.172387,0,0,64.05939989,553.0939001,1496.395488,93,9.632063739,53.44087984,371.3906756,300,0,0,121.22,20,0,441.22
h,2005,3,16,"801,895",801895,"1,533",0.00191,160,1282,104,316,NEWE,NEWE,2429.722339,3559.777652,2575.622134,8565.122125,"8,565.12",0.01068,2089.94469,290.6522375,0,49.12541164,3559.777652,0,0,64.95220537,604.0737768,1399.697287,91.76,9.632063739,53.44087984,352.0659216,296,0,0,105.61,20,0,421.61
h,2006,4,15,"801,895",801895,"1,527",0.0019,160,1299,108,283,NEWE,NEWE,2211.2392,3395.264268,2416.174732,8022.6782,"8,022.68",0.01,1870.457153,291.3643802,0,49.41766655,3395.264268,0,0,66.0301117,548.6695167,1311.466793,91.14,9.632063739,53.44087984,335.7953672,294,0,0,117.88,20,0,431.88
h,2007,5,14,"803,096",803096,"1,586",0.00198,160,1357,113,283,NEWE,NEWE,2035.212525,2654.885354,2618.102551,7308.200431,"7,308.20",0.0091,1638.152438,290.9156725,54.18614452,51.95827052,2654.885354,0,0,66.73110737,537.5606782,1596.096743,92.07,9.632063739,53.44087984,262.571079,297,0,0,109.17,20,0,426.17
h,2008,6,13,"803,096",803096,"1,566",0.00195,160,1351,128,249,NEWE,NEWE,1987.850745,2754.868584,2158.219781,6900.939111,"6,900.94",0.00859,1604.593767,222.1578912,109.1932912,51.90579611,2754.868584,0,0,65.33050618,496.7035228,1171.380713,83.08,9.632063739,59.63344518,272.4595303,268,0,0,103.23,20,0,391.23
h,2009,7,12,"803,096",803096,"1,594",0.00198,160,1383,127,246,NEWE,NEWE,1864.96053,2278.423014,2679.245475,6822.629019,"6,822.63",0.0085,1567.365447,220.8582195,17.24104598,59.49581744,2278.423014,0,0,67.39088666,492.1181547,1757.150863,80.3675,9.632063739,47.24746758,225.3385398,259.25,0,0,114.52,20,0,393.77
h,2014,12,7,"809,796",809796,"1,711",0.00211,130,1492,134,275,NEWE,NEWE,2572.731305,1804.600316,2385.991485,6763.323106,"6,763.32",0.00835,1883.186048,280.6767836,318.5488496,90.31962435,1804.600316,0,0,85.37290179,716.1351826,1363.229186,74.7782,8.381718069,43.71500968,94.37928621,241.22,0,48,150.9,20,79,539.24
h,2010,8,11,"809,796",809796,"1,583",0.00195,160,1387,116,237,NEWE,NEWE,2110.883412,2305.475092,2083.668979,6500.027483,"6,500.03",0.00803,1481.953045,252.6434852,316.085843,60.20103915,2305.475092,0,0,67.22381416,463.8705539,1275.859492,77.19,9.632063739,47.39663401,142.4964218,249,0,0,103.99,20,0,372.99
h,2011,9,10,"809,796",809796,"1,644",0.00203,160,1452,115,238,NEWE,NEWE,2063.924248,2447.904582,1943.114604,6454.943434,"6,454.94",0.00797,1650.645198,270.9777912,82.10021897,60.20103915,2447.904582,0,0,70.29561428,463.3285535,1113.250689,74.7503,9.632063739,60.55770337,151.2996801,241.13,0,0,86.81461905,20,0,347.944619
h,2015,13,6,"809,796",809796,"1,645",0.00203,130,1319,138,275,NEWE,NEWE,2283.956895,1823.909212,2297.405442,6405.271549,"6,405.27",0.00791,1696.97531,332.2439383,153.5881909,101.1494551,1823.909212,0,0,50.84483745,720.3035656,1305.719295,78.1262,9.00906175,38.0133549,95.38912747,252.02,0,117,270.138,20,29,687.688
h,2013,11,8,"809,796",809796,"1,681",0.00208,130,1461,130,261,NEWE,NEWE,1967.977962,1932.667588,2297.251922,6197.897473,"6,197.90",0.00765,1494.899991,244.3410069,138.4173404,90.31962435,1932.667588,0,0,70.68507912,681.3060704,1221.094846,72.5152,8.381718069,48.14355898,195.1254497,233.92,0,0,97.72,20,70,422.06
h,2012,10,9,"809,796",809796,"1,647",0.00203,160,1421,138,259,NEWE,NEWE,1889.565328,1964.274228,2270.105264,6123.94482,"6,123.94",0.00756,1427.757652,258.7052575,136.7717073,66.33071126,1964.274228,0,0,68.75552628,517.0847234,1352.069186,70.1375,8.381718069,55.3601,198.3165105,226.25,0,0,52.71,20,38,336.69
h,2016,14,5,"809,796",809796,"1,610",0.00199,130,1352,137,274,NEWE,NEWE,2048.630194,1660.115213,2365.098807,6073.844213,"6,073.84",0.0075,1664.690912,256.8599279,38.78486919,88.29448574,1660.115213,0,0,49.63424608,716.1220657,1414.972686,66.8236,9.00906175,21.71432642,86.82282023,215.56,0,73,244.511,20,23,576.041
h,2017,15,4,"809,796",809796,"1,610",0.00199,130,1352,137,274,NEWE,NEWE,2048.630194,1660.115213,2365.098807,6073.844213,"6,073.84",0.0075,1664.690912,256.8599279,38.78486919,88.29448574,1660.115213,0,0,49.63424608,716.1220657,1414.972686,66.8236,9.00906175,21.71432642,86.82282023,215.56,0,73,244.511,20,23,576.041
i,2007,5,14,"917,657",917657,"4,019",0.00438,8,4300,265,358,NEWE,NEWE,4138.443298,7214.428953,4196.439193,15549.31144,"15,549.31",0.01694,1466.210252,54.04164101,2618.191405,0,5116.780109,2098,0,624.5507775,482.6741458,2423.481634,-24.3088,62.86477506,121.1214852,506.0551756,0,608,0,0,0,0,607.72
i,2008,6,13,"917,657",917657,"4,087",0.00445,8,4353,276,386,NEWE,NEWE,2646.409155,6388.511399,4616.518812,13651.43937,"13,651.44",0.01488,1226.535393,44.47827795,1375.395485,0,4376.685363,2012,0,646.7472516,602.103425,2771.501894,-24.3088,57.13652661,121.1214852,442.2170297,0,608,0,0,0,0,607.72
i,2009,7,12,"1,093,006",1093006,"4,198",0.00384,8,4508,236,418,NEWE,NEWE,4372.872743,5627.505377,4191.752779,14192.1309,"14,192.13",0.01298,1700.185455,54.49588293,2618.191405,0,3371.933487,2256,0,568.8045013,609.1162141,2427.922676,-22.1732,54.63191339,121.1214852,432.3291894,0,554,0,0,0,0,554.33
i,2010,8,11,"1,152,318",1152318,"4,345",0.00377,8,4557,262,416,NEWE,NEWE,1581.104201,7393.991403,3899.873987,12874.96959,"12,874.97",0.01117,1464.519554,51.58486002,64.99978662,0,3796.295102,3598,0,492.2881303,626.4981438,2322.224673,-25.0192,51.6110639,121.1214852,311.1496903,0,625,0,0,0,0,625.48
i,2011,9,10,"1,190,318",1190318,"4,154",0.00349,8,4211,271,418,NEWE,NEWE,2836.632736,6405.96562,3992.23787,13234.83623,"13,234.84",0.01112,1439.486168,43.15066392,1353.995904,0,2510.176099,3896,0,205.5013037,904.3745,2326.342116,-25.2,60.12139666,121.1214852,399.9770684,0,630,0,0,0,0,630
i,2013,11,8,"1,197,666",1197666,"4,404",0.00368,8,4376,267,522,NEWE,NEWE,2149.673757,5079.21671,4058.072634,11286.9631,"11,286.96",0.00942,1480.453275,32.25886019,636.9616215,0,1952.766475,3126,0,277.5219007,504.9410727,2492.298803,-26.6872,58.87401135,112.3328604,638.7911862,0,667,0,0,213.84,0,881.02
i,2012,10,9,"1,197,666",1197666,"4,300",0.00359,8,4313,269,513,NEWE,NEWE,1722.975851,5167.536248,4138.190856,11028.70296,"11,028.70",0.00921,1447.330707,35.36456515,240.280579,0,2131.152038,3036,0,179.9655713,945.0991813,2309.53207,-25.3664,64.42227258,96.06416477,568.4739964,0,634,0,0,0,0,634.16
i,2016,14,5,"1,337,416",1337416,"4,214",0.00315,8,4454,294,510,NEWE,NEWE,1066.483199,3139.844461,6178.029673,10384.35733,"10,384.36",0.00776,922.7065654,14.19345856,129.5831754,0,0,3140,0,523.4140685,792.8457457,4541.626941,-25.8988,36.64664848,23.15963855,286.2354307,0,647,0,54,42.64,0,744.11
i,2015,13,6,"1,362,416",1362416,"4,262",0.00313,8,4515,283,492,NEWE,NEWE,1182.020589,3184.432556,6070.428339,10436.88148,"10,436.88",0.00766,1020.917532,9.761962449,151.3410943,0,0,3184,0,523.4140685,792.8457457,4323.677661,-26.7488,39.81362314,90.71447602,326.7115638,0,669,0,54,35.55,0,758.27
i,2014,12,7,"1,362,416",1362416,"4,273",0.00314,8,4424,276,549,NEWE,NEWE,1716.451719,3503.456368,3880.634414,9100.542501,"9,100.54",0.00668,1588.973827,11.71658313,115.7613087,0,45.56980739,3458,0,277.4892569,504.8315283,2675.567138,-27.6124,48.15734058,112.3328604,289.8686899,0,690,0,132,148.2,0,970.51
i,2017,15,4,"1,364,916",1364916,"4,199",0.00308,8,4424,286,523,NEWE,NEWE,991.3983855,3655.052415,6319.280266,10965.73107,"10,965.73",0.00803,848.2036563,10.19237448,133.0023547,0,0,3655,0,569.0302649,792.1963025,4613.685623,-21.01,37.52815192,47.3872601,280.4626631,0,525,0,148.1,0,2,675.35
i,2019,17,2,"1,463,916",1463916,"4,479",0.00306,8,4535,290,560,NEWE,NEWE,762.7441784,4809.132237,6907.201663,12479.07808,"12,479.08",0.00852,604.2369037,13.22617456,145.2811002,0,0,4809,0,569.0302649,792.1963025,5241.540922,-28.184,32.86009507,43.26313694,256.4949418,0,705,0,95.774,6.06,0,806.434
i,2020,18,1,"1,463,916",1463916,"4,479",0.00306,8,4535,290,560,NEWE,NEWE,762.7441784,4809.132237,6907.201663,12479.07808,"12,479.08",0.00852,604.2369037,13.22617456,145.2811002,0,0,4809,0,569.0302649,792.1963025,5241.540922,-28.184,32.86009507,43.26313694,256.4949418,0,705,0,95.774,6.06,0,806.434
i,2021,19,0,"1,463,916",1463916,"4,479",0.00306,8,4535,290,560,NEWE,NEWE,762,4809,6907,12478,"12,478.00",0.00852,604,13,145,0,,4809,0,568,793,5242,-28,33,43,256,0,705,0,96,6,0,807
i,2018,16,3,"1,463,916",1463916,"4,362",0.00298,8,4446,286,595,NEWE,NEWE,871.2411074,3831.4299,6981.975489,11684.6465,"11,684.65",0.00798,768.2063791,32.68345892,70.3512694,0,0.000249783,3831,0,569.0302649,792.1963025,5301.753779,-23.2084,29.9809021,46.97736822,265.2452719,0,580,0,114.886,17.81,0,712.906
j,2005,3,16,"942,857",942857,"2,975",0.00316,115,3183,385,400,CALI,CAMX,4137.829217,3264.782187,10309.86714,17712.47854,"17,712.48",0.01879,3855.630715,268.5782782,0,13.62022373,3264.782187,0,0,1260.00569,1415.080713,6720.767764,487.32,17.02880444,86.77361875,322.890546,157.2,0,0,0,0,0,157.2
j,2004,2,17,"942,857",942857,"2,952",0.00313,115,3166,345,425,CALI,CAMX,3586.396649,3330.93358,10637.81836,17555.14858,"17,555.15",0.01862,3303.800649,268.9757766,0,13.62022373,3330.93358,0,0,1253.764551,1411.55895,7051.939439,487.32,17.02880444,86.77361875,329.4329914,157.2,0,0,0,0,0,157.2
j,2006,4,15,"942,857",942857,"3,008",0.00319,115,3250,370,391,CALI,CAMX,3933.366273,3390.454056,10131.11667,17454.937,"17,454.94",0.01851,3650.396306,269.349743,0,13.62022373,3390.454056,0,0,1274.289208,1353.136932,6577.248471,487.32,17.02880444,86.77361875,335.3196319,157.2,0,0,0,0,0,157.2
j,2008,6,13,"942,857",942857,"3,011",0.00319,115,3285,320,411,CALI,CAMX,4285.912029,3483.348223,9575.651407,17344.91166,"17,344.91",0.0184,4005.979944,266.3118611,0,13.62022373,3483.348223,0,0,1221.295532,1266.945075,6151.78141,487.32,17.02880444,86.77361875,344.5069671,157.2,0,0,0,0,0,157.2
j,2007,5,14,"942,857",942857,"2,929",0.00311,115,3191,304,411,CALI,CAMX,4132.423572,3317.474498,9649.209272,17099.10734,"17,099.11",0.01814,3849.833734,268.9696144,0,13.62022373,3317.474498,0,0,1202.939089,1265.853842,6261.192044,487.32,17.02880444,86.77361875,328.1018735,157.2,0,0,0,0,0,157.2
j,2009,7,12,"983,653",983653,"2,876",0.00292,115,3352,237,246,CALI,CAMX,3881.283166,3349.968129,8852.848837,16084.10013,"16,084.10",0.01635,3587.808587,280.3505433,0,13.12403537,3349.968129,0,0,1232.10473,804.8833733,5884.742781,496,17.02880444,86.77361875,331.3155292,160,0,0,0,0,0,160
j,2012,10,9,"984,672",984672,"3,198",0.00325,115,3590,288,387,CALI,CAMX,4450.27268,3297.840208,6715.429619,14463.54251,"14,463.54",0.01469,4058.525058,222.1185872,158.8673256,10.761709,3297.840208,0,0,1373.607398,1174.96289,3214.749549,700.724,27.14989275,22.53518363,201.7007054,226.04,0,0,0,0,0,226.04
j,2011,9,10,"984,672",984672,"3,061",0.00311,115,3407,288,387,CALI,CAMX,4253.90901,3063.606645,6519.073583,13836.58924,"13,836.59",0.01405,4005.442792,235.3421819,0,13.12403537,3063.606645,0,0,1303.759311,1161.691128,3011.151435,715.201,15.56074999,86.77361875,224.9363402,230.71,0,0,0,0,0,230.71
j,2010,8,11,"987,913",987913,"2,750",0.00278,115,3143,245,279,CALI,CAMX,4295.493844,3143.532149,8742.798761,16181.82475,"16,181.82",0.01638,4003.182501,279.1873071,0,13.12403537,3143.532149,0,0,1155.870901,884.1254465,5483.258892,886.6,15.36526653,86.77361875,230.8046361,286,0,0,0,0,0,286
j,2013,11,8,"988,278",988278,"3,279",0.00332,115,3688,294,390,CALI,CAMX,4324.223961,3287.533005,8542.110529,16153.8675,"16,153.87",0.01635,3944.797859,272.762719,95.90167401,10.761709,3287.533005,0,0,1373.431057,1189.632806,4310.145428,1420.451,33.261909,14.1180278,201.0703019,458.21,0,0,0,0,0,458.21
j,2014,12,7,"988,278",988278,"3,329",0.00337,115,3746,297,396,CALI,CAMX,4105.400892,2881.111658,8667.553426,15654.06598,"15,654.07",0.01584,3641.567876,266.5742961,188.043793,9.214926717,2881.111658,0,0,1728.882803,1541.764903,4403.411987,802.9,30.9896394,14.65582352,144.9482706,259,0,0,35.65,53.2,0,347.85
j,2015,13,6,"988,278",988278,"3,219",0.00326,115,3581,298,414,CALI,CAMX,4565.12206,104.4274401,8697.58799,13367.13749,"13,367.14",0.01353,3927.279276,236.4989607,388.7629527,12.58087059,104.4274401,0,0,1592.444508,1575.882818,4525.282226,676.544,27.67577198,41.58906011,258.1696059,218.24,0,0,43.91916667,59.15,0,321.3091667
j,2021,19,0,"1,048,278",1048278,"3,118",0.00297,115,3424,315,418,CALI,CAMX,4875,129,10071,15075,"15,075.00",0.01438,4416,190,263,6,129,0,0,1287,1533,5881,1067,24,46,233,344,0,0,376,167,0,887
j,2019,17,2,"1,048,278",1048278,"3,118",0.00297,115,3424,315,418,CALI,CAMX,4874.856976,128.8585737,10069.88639,15073.60194,"15,073.60",0.01438,4415.963729,190.3420993,262.942961,5.608186784,128.8585737,0,0,1286.979392,1532.950914,5880.088898,1066.555,24.41533539,45.57001866,233.3268348,344.05,0,0,375.968,167.014,0,887.032
j,2020,18,1,"1,048,278",1048278,"3,118",0.00297,115,3424,315,418,CALI,CAMX,4874.856976,128.8585737,10069.88639,15073.60194,"15,073.60",0.01438,4415.963729,190.3420993,262.942961,5.608186784,128.8585737,0,0,1286.979392,1532.950914,5880.088898,1066.555,24.41533539,45.57001866,233.3268348,344.05,0,0,375.968,167.014,0,887.032
j,2016,14,5,"1,048,278",1048278,"3,202",0.00305,115,3543,303,424,CALI,CAMX,4828.522707,98.42173253,9645.940036,14572.88448,"14,572.88",0.0139,4123.642708,218.2215224,472.6452453,14.01323175,98.42173253,0,0,1571.852514,1559.20434,4606.94554,1578.706,23.80355796,60.92843131,244.4996521,509.26,0,0,247.175625,221.42555,16,993.861175
j,2018,16,3,"1,048,278",1048278,"3,105",0.00296,115,3444,301,396,CALI,CAMX,4554.483677,92.78223317,8958.785911,13606.05182,"13,606.05",0.01298,4104.954091,189.9130268,259.0765396,0.540019033,92.78223317,0,0,1286.979392,1530.083455,4723.362144,1100.159,23.7843688,55.52912858,238.8884226,354.89,0,0,401.9955,167.014,0,923.8995
j,2017,15,4,"1,048,278",1048278,"3,099",0.00296,115,3406,297,429,CALI,CAMX,4279.771034,99.92366375,8829.147836,13208.84253,"13,208.84",0.0126,3865.900413,191.1952414,214.1273501,8.548029426,99.92366375,0,0,1286.979392,1527.215996,4336.034459,1361.675,23.30438898,56.25841756,237.680183,439.25,0,0,383.568,167.014,0,989.832
k,2006,4,15,"1,013,443",1013443,756,0.00075,90,632,112,208,NEWE,NEWE,4339.658388,3437.643309,339.9867009,8117.288398,"8,117.29",0.00801,4339.658388,0,0,0,3437.643309,0,0,0,0,0,0,0,0,339.9867009,0,0,37,92,92,0,221
k,2005,3,16,"1,013,443",1013443,756,0.00075,90,632,112,208,NEWE,NEWE,4386.614887,3314.58814,327.8164094,8029.019436,"8,029.02",0.00792,4386.614887,0,0,0,3314.58814,0,0,0,0,0,0,0,0,327.8164094,0,0,37,92,92,0,221
k,2008,6,13,"1,013,443",1013443,756,0.00075,90,632,112,208,NEWE,NEWE,4689.779682,2748.450688,271.8247933,7710.055164,"7,710.06",0.00761,4689.779682,0,0,0,2748.450688,0,0,0,0,0,0,0,0,271.8247933,0,0,37,92,92,0,221
k,2007,5,14,"1,013,443",1013443,756,0.00075,90,632,112,208,NEWE,NEWE,4465.779722,2797.54871,276.6806416,7540.009074,"7,540.01",0.00744,4465.779722,0,0,0,2797.54871,0,0,0,0,0,0,0,0,276.6806416,0,0,37,92,92,0,221
k,2012,10,9,"1,013,443",1013443,756,0.00075,90,632,112,208,NEWE,NEWE,3628.231942,1755.47316,1584.568351,6968.273453,"6,968.27",0.00688,3176.261027,347.6190685,42.06615639,62.28569037,1755.47316,0,0,79.83098459,278.9002122,580.5593952,455.607,7.402343799,5.032819904,177.2355949,150.1,0,37,92,92,0,371.1
k,2009,7,12,"1,013,443",1013443,756,0.00075,90,632,112,208,NEWE,NEWE,4393.489419,2173.216038,214.9334543,6781.638911,"6,781.64",0.00669,4393.489419,0,0,0,2173.216038,0,0,0,0,0,0,0,0,214.9334543,0,0,37,92,92,0,221
k,2011,9,10,"1,013,443",1013443,756,0.00075,90,632,112,208,NEWE,NEWE,4206.960222,1940.973083,119.9673421,6267.900647,"6,267.90",0.00618,4206.960222,0,0,0,1940.973083,0,0,0,0,0,0,0,0,119.9673421,0,0,37,92,92,0,221
k,2010,8,11,"1,013,443",1013443,756,0.00075,90,632,112,208,NEWE,NEWE,3866.361489,2061.107054,127.3925627,6054.861106,"6,054.86",0.00597,3866.361489,0,0,0,2061.107054,0,0,0,0,0,0,0,0,127.3925627,0,0,37,92,92,0,221
k,2013,11,8,"1,034,443",1034443,763,0.00074,90,632,118,209,NEWE,NEWE,3965.030068,1797.151749,1545.743016,7307.924834,"7,307.92",0.00706,3560.773485,299.9047368,42.06615639,62.28569037,1797.151749,0,0,79.81563239,280.8623356,551.3877256,440.107,7.093965834,5.032819904,181.4435371,145.1,0,82,133.9,95,0,456
k,2015,13,6,"1,049,973",1049973,765,0.00073,90,626,121,215,NEWE,NEWE,4102.346786,1677.880365,1998.706983,7778.934134,"7,778.93",0.00741,3753.214721,302.9166012,37.85954075,8.355923167,1677.880365,0,0,76.59128414,288.1104818,1126.604732,409.005,5.610739849,5.032819904,87.75192481,138.5,0,176,139.9,96,0,550.4
k,2014,12,7,"1,049,973",1049973,781,0.00074,90,653,120,210,NEWE,NEWE,4106.133371,1583.528556,1423.189681,7112.851607,"7,112.85",0.00677,3703.097702,298.6838221,42.06615639,62.28569037,1583.528556,0,0,80.83472945,282.0976114,541.6841079,424.565,6.15801825,5.032819904,82.8173937,141.5,0,122,128.8,95,0,487.3
k,2016,14,5,"1,049,973",1049973,782,0.00074,90,637,126,221,NEWE,NEWE,3374.213925,1594.02565,1797.338597,6765.578172,"6,765.58",0.00644,3028.130259,308.9300707,28.79767239,8.355923167,1594.02565,0,0,72.39450145,296.1657609,936.4792236,393.535,5.8243467,9.573380636,83.36638407,132.5,0,163,141.2,100,0,536.7
k,2017,15,4,"1,055,023",1055023,806,0.00076,90,651,131,230,NEWE,NEWE,3691.50572,1616.408763,1963.386831,7271.301315,"7,271.30",0.00689,3345.571946,308.7801784,28.79767239,8.355923167,1616.408763,0,0,82.32029215,320.0168369,1001.891468,443.3715,5.705158136,25.54457079,84.53700468,151.05,0,42,144.5,100,0,437.55
k,2018,16,3,"1,055,023",1055023,806,0.00076,90,651,131,230,NEWE,NEWE,3691.50572,1616.408763,1963.386831,7271.301315,"7,271.30",0.00689,3345.571946,308.7801784,28.79767239,8.355923167,1616.408763,0,0,82.32029215,320.0168369,1001.891468,443.3715,5.705158136,25.54457079,84.53700468,151.05,0,42,144.5,100,0,437.55
k,2019,17,2,"1,055,023",1055023,806,0.00076,90,651,131,230,NEWE,NEWE,3691.50572,1616.408763,1963.386831,7271.301315,"7,271.30",0.00689,3345.571946,308.7801784,28.79767239,8.355923167,1616.408763,0,0,82.32029215,320.0168369,1001.891468,443.3715,5.705158136,25.54457079,84.53700468,151.05,0,42,144.5,100,0,437.55
k,2020,18,1,"1,055,023",1055023,806,0.00076,90,651,131,230,NEWE,NEWE,3691.50572,1616.408763,1963.386831,7271.301315,"7,271.30",0.00689,3345.571946,308.7801784,28.79767239,8.355923167,1616.408763,0,0,82.32029215,320.0168369,1001.891468,443.3715,5.705158136,25.54457079,84.53700468,151.05,0,42,144.5,100,0,437.55
l,2016,14,5,"1,176,948",1176948,"3,002",0.00255,0,3480,198,325,ROCK,RMPA,3747.075929,8605.882115,4922.71754,17275.67558,"17,275.68",0.01468,3512.293599,181.936326,42.6957426,10.15026065,8605.882115,0,0,966.1390785,599.9340403,489.5956034,2422.557,11.53125288,0,432.9605643,781.47,0,0,111.3054696,4,135,1031.77547
l,2014,12,7,"1,179,766",1179766,"3,064",0.0026,0,3595,181,309,ROCK,RMPA,3702.62157,8179.562802,4615.673626,16497.858,"16,497.86",0.01398,3316.212039,182.7739582,194.4604921,9.175080653,8179.562802,0,0,998.6227504,567.4933608,317.4454551,2308.725,11.87455248,0,411.5125073,744.75,0,0,111.3054696,27.405,135,1018.46047
l,2015,13,6,"1,179,766",1179766,"3,039",0.00258,0,3544,199,309,ROCK,RMPA,3323.165147,8273.482626,4722.373278,16319.02105,"16,319.02",0.01383,3010.733997,178.732077,133.6990726,0,8273.482626,0,0,983.9071535,575.8569602,463.8820118,2271.06,11.4295536,0,416.2375987,732.6,0,0,111.3054696,27.48,135,1006.38547
l,2012,10,9,"1,196,266",1196266,"3,009",0.00252,0,3520,192,300,ROCK,RMPA,3768.278894,9687.314718,5082.543316,18538.13693,"18,538.14",0.0155,3659.500226,102.7136778,0,6.064990456,9687.314718,0,0,978.3399918,559.5628405,640.3964834,2296.17,15.58373688,0,592.4902631,740.7,0,0,111.3054696,24.5475,135,1011.55297
l,2013,11,8,"1,196,266",1196266,"3,064",0.00256,0,3602,182,301,ROCK,RMPA,3673.27003,8936.615121,4886.948877,17496.83403,"17,496.83",0.01463,3377.140971,192.2086659,85.83237699,18.08801614,8936.615121,0,0,1000.944952,555.7103237,472.0519166,2300.355,11.31030216,0,546.5763835,742.05,0,0,111.3054696,24.5475,135,1012.90297
l,2017,15,4,"1,237,786",1237786,"2,675",0.00216,0,3043,198,325,ROCK,RMPA,3449.408891,3897.280548,4830.996502,12177.68594,"12,177.69",0.00984,3209.877321,186.6855669,42.6957426,10.15026065,3897.280548,0,0,870.5199039,618.2446397,489.98388,2422.557,12.6556236,0,417.0354551,781.47,0,0,111.3054696,4,135,1031.77547
l,2018,16,3,"1,237,786",1237786,"2,675",0.00216,0,3043,198,325,ROCK,RMPA,3449.408891,3897.280548,4830.996502,12177.68594,"12,177.69",0.00984,3209.877321,186.6855669,42.6957426,10.15026065,3897.280548,0,0,870.5199039,618.2446397,489.98388,2422.557,12.6556236,0,417.0354551,781.47,0,0,111.3054696,4,135,1031.77547
l,2019,17,2,"1,237,786",1237786,"2,675",0.00216,0,3043,198,325,ROCK,RMPA,3449.408891,3897.280548,4830.996502,12177.68594,"12,177.69",0.00984,3209.877321,186.6855669,42.6957426,10.15026065,3897.280548,0,0,870.5199039,618.2446397,489.98388,2422.557,12.6556236,0,417.0354551,781.47,0,0,111.3054696,4,135,1031.77547
l,2020,18,1,"1,237,786",1237786,"2,675",0.00216,0,3043,198,325,ROCK,RMPA,3449.408891,3897.280548,4830.996502,12177.68594,"12,177.69",0.00984,3209.877321,186.6855669,42.6957426,10.15026065,3897.280548,0,0,870.5199039,618.2446397,489.98388,2422.557,12.6556236,0,417.0354551,781.47,0,0,111.3054696,4,135,1031.77547
m,2009,7,12,"1,246,755",1246755,"2,882",0.00231,114,3180,231,431,NYUP,NYUP,3195.904219,7017.583054,5975.002297,16188.48957,"16,188.49",0.01298,2922.506001,261.4355028,0,11.9627148,7017.583054,0,0,1062.535693,1289.333774,2848.583987,0,21.54590949,58.95625788,694.0466756,0,0,0,11,0,0,11
m,2008,6,13,"1,246,755",1246755,"2,710",0.00217,114,3092,283,238,NYUP,NYUP,3174.676259,6774.398014,5563.659723,15512.734,"15,512.73",0.01244,2806.768315,348.9953423,0,18.91260162,6774.398014,0,0,1059.440621,923.5062979,2888.233031,0,22.48436548,0,669.995408,0,0,0,11,0,0,11
m,2007,5,14,"1,246,755",1246755,"2,687",0.00215,114,3061,283,238,NYUP,NYUP,2790.928238,6613.596865,5755.441539,15159.96664,"15,159.97",0.01216,2564.267289,213.5720371,0,13.0889118,6613.596865,0,0,1097.883465,931.5458656,3046.632432,0,25.28777895,0,654.0919976,0,0,0,11,0,0,11
m,2005,3,16,"1,246,755",1246755,"2,725",0.00219,114,3113,285,235,NYUP,NYUP,4075.120394,0,2118.988733,6194.109127,"6,194.11",0.00497,3889.396016,185.7243779,0,0,0,0,0,1146.365442,972.6232916,0,0,0,0,0,0,0,0,11,0,0,11
m,2006,4,15,"1,246,755",1246755,"2,753",0.00221,114,3149,283,238,NYUP,NYUP,3030.262697,0,2061.705008,5091.967705,"5,091.97",0.00408,2788.059353,242.2033444,0,0,0,0,0,1115.30611,946.3988974,0,0,0,0,0,0,0,0,11,0,0,11
m,2010,8,11,"1,293,493",1293493,"2,854",0.00221,114,3181,243,382,NYUP,NYUP,3410.161358,7291.960973,5766.3444,16468.46673,"16,468.47",0.01273,3115.091443,279.8074022,7.967259261,7.2952539,7291.960973,0,0,995.5793174,1206.823163,2990.032795,-39.5136,19.4446847,113.6506176,480.3274229,1176,0,0,11,0,0,1187
m,2011,9,10,"1,388,594",1388594,"3,040",0.00219,114,3304,254,495,NYUP,NYUP,3679.571904,7045.553847,5774.249268,16499.37502,"16,499.38",0.01188,3421.032578,226.6975214,20.43480347,11.40700132,7045.553847,0,0,999.7931448,1474.509984,2747.731789,-43.6128,18.71943294,113.0113329,464.0963843,1298,0,0,33,0,0,1331
m,2013,11,8,"1,388,594",1388594,"2,945",0.00212,127,3162,267,497,NYUP,NYUP,3649.679942,6595.446258,4961.556254,15206.68245,"15,206.68",0.01095,3284.680432,288.9195779,72.29030421,3.789627878,6595.446258,0,0,690.2358864,1030.524643,2402.437005,77.52528,18.74416935,142.5604935,599.5287776,461.46,0,0,156,0,0,617.46
m,2012,10,9,"1,388,594",1388594,"3,002",0.00216,114,3243,263,497,NYUP,NYUP,2993.009182,6265.407648,5783.210493,15041.62732,"15,041.63",0.01083,2696.624148,273.5547189,18.52073439,4.30958052,6265.407648,0,0,964.417821,1459.038891,2530.02383,104.98656,19.68689743,135.5283615,569.5281322,624.92,0,0,99,0,0,723.92
m,2016,14,5,"1,410,847",1410847,"2,898",0.00205,127,3104,265,495,NYUP,NYUP,3482.137455,6047.426086,4595.200403,14124.76394,"14,124.76",0.01001,3097.293031,320.3981708,60.63980687,3.806445754,6047.426086,0,0,767.285427,970.6263817,2335.874832,97.45904,18.46568134,121.8576675,283.6313742,621.55,0,0,156,0,0,777.55
m,2014,12,7,"1,412,589",1412589,"2,894",0.00205,127,3122,264,473,NYUP,NYUP,4152.830546,7273.051147,4724.936232,16150.81793,"16,150.82",0.01143,3780.977243,300.0149597,68.0431102,3.795233837,7273.051147,0,0,776.9163748,954.1873904,2457.797205,74.957792,18.46568134,135.6595515,306.9522371,514.82,0,0,156,0,0,670.82
m,2015,13,6,"1,412,589",1412589,"2,870",0.00203,127,3093,262,473,NYUP,NYUP,4105.322837,6901.690204,4591.919078,15598.93212,"15,598.93",0.01104,3727.417211,309.7543845,64.3504011,3.800839795,6901.690204,0,0,765.9798947,946.8238826,2357.883246,82.728464,18.46568134,128.7586095,291.2793001,568.19,0,0,156,0,0,724.19
m,2019,17,2,"1,418,790",1418790,"2,915",0.00205,127,3076,286,525,NYUP,NYUP,4155.975944,5823.571394,6258.005295,16237.55263,"16,237.55",0.01144,3844.104043,311.0635414,0,0.80835918,5823.571394,0,0,882.5900294,1149.400153,860.9354155,2954.76216,34.8278792,77.48309527,298.0065628,3742.1,0,0,140.1588,265.53,0,4147.7888
m,2018,16,3,"1,418,790",1418790,"2,938",0.00207,127,3089,288,541,NYUP,NYUP,4784.571309,5894.274718,5041.018431,15719.86446,"15,719.86",0.01108,4269.880812,314.0910643,189.3875151,11.2119168,5894.274718,0,0,882.9354509,1226.45598,1053.345998,1459.433472,34.42411771,82.79878596,301.6246269,1848.32,0,0,66.1822,5.4275,0,1919.9297
m,2017,15,4,"1,418,790",1418790,"2,886",0.00203,127,3109,257,482,NYUP,NYUP,4144.460671,6123.786838,4499.636328,14767.88384,"14,767.88",0.01041,3752.528917,331.1909895,56.92921263,3.81155118,6123.786838,0,0,839.8743519,948.2388352,2185.896178,105.827456,17.63021733,114.9565069,287.212783,674.92,0,0,181,0,0,855.92
m,2020,18,1,"1,418,790",1418790,"2,903",0.00205,127,3091,282,497,NYUP,NYUP,4219.667632,5089.667879,4528.589095,13837.92461,"13,837.92",0.00975,3539.349092,307.7455494,363.6885479,8.884443,5089.667879,0,0,634.3615837,733.5259534,1012.173704,1801.614528,32.59790741,53.86451506,260.4509034,2281.68,0,0,81.3446,170.7575,0,2533.7821
m,2021,19,0,"1,420,422",1420422,"2,829",0.00199,127,3315,271,186,NYUP,NYUP,3747.106626,5184.729525,1824.14064,10755.97679,"10,755.98",0.00757,3308.196007,132.9995091,305.9036015,0.00750798,5184.729525,0,0,841.9624363,615.2240688,12.48672728,51.5872,11.98518,25.57958492,265.315443,329,0,0,117.0834736,202.07,0,648.1534736
n,2015,13,6,"1,320,728",1320728,"8,447",0.0064,188,10223,411,629,MANS,RFCW,8170.656708,13352.07251,17667.33308,39190.0623,"39,190.06",0.02967,7548.147046,128.9794272,492.7373915,0.792842688,13352.07251,0,0,14219.59932,1755.259878,316.5650753,453.133968,41.94536086,54.43473212,826.3947545,318.57,0,0,0,0,0,318.57
n,2016,14,5,"1,332,194",1332194,"8,229",0.00618,188,9951,387,634,MANS,RFCW,8514.474693,12272.6284,17310.79812,38097.90121,"38,097.90",0.0286,7630.301035,142.9488489,741.0120824,0.2127261,12272.6284,0,0,14080.86536,1848.290131,374.535543,198.780848,39.88547841,85.66457654,682.7761765,319.1,0,0,8.173758594,0,0,327.2737586
n,2017,15,4,"1,340,663",1340663,"7,976",0.00595,188,9668,370,596,MANS,RFCW,7944.362826,11880.37952,10288.32883,30113.07117,"30,113.07",0.02246,7546.104305,138.0922645,258.2392081,1.9270482,11880.37952,0,0,6798.22188,2045.952516,627.1346479,45.961216,49.20797604,60.89675717,660.9538342,293.12,0,0,17.53788281,0,0,310.6578828
n,2014,12,7,"1,349,283",1349283,"8,669",0.00642,188,10542,410,606,MANS,RFCW,7932.589175,14129.04294,17725.83357,39787.46569,"39,787.47",0.02949,7789.988022,129.570164,11.10394122,1.9270482,14129.04294,0,0,14296.64223,1764.770015,319.3554221,425.624752,58.32463581,56.25112823,804.865392,299.23,0,0,8.14813625,0,0,307.3781363
n,2013,11,8,"1,349,283",1349283,"8,902",0.0066,188,10800,411,658,MANS,RFCW,7303.572699,12100.57809,18190.07471,37594.2255,"37,594.23",0.02786,6755.662657,129.5851987,416.3977957,1.9270482,12100.57809,0,0,14171.85813,1749.366732,325.3455208,443.307984,50.11958652,101.5912244,1348.485524,306.83,0,0,7.9815,0,0,314.8115
n,2018,16,3,"1,351,072",1351072,"7,755",0.00574,188,9372,360,609,MANS,RFCW,8648.459507,10014.25175,9483.898798,28146.61006,"28,146.61",0.02083,8433.63462,190.2946553,23.46660126,1.0636305,10014.25175,0,0,6528.514763,1710.552229,444.1136743,67.87872,57.07097923,56.50854526,619.259888,432.9,0,1136,82.45,0,0,1650.87
n,2019,17,2,"1,495,637",1495637,"7,598",0.00508,188,9161,352,617,MANS,RFCW,9111.956309,9568.994285,9298.508201,27979.4588,"27,979.46",0.01871,8892.189747,198.6371753,17.56309657,3.5662905,9568.994285,0,0,6143.092792,1733.417821,604.608155,41.65392,53.91625244,90.8436735,630.9755871,265.65,0,0,125.02,0,0,390.67
n,2020,18,1,"1,495,637",1495637,"7,594",0.00508,188,9141,347,638,MANS,RFCW,7772.850428,8922.092431,6928.251103,23623.19396,"23,623.19",0.01579,7586.172935,164.2224469,21.39141617,1.0636305,8922.092431,0,0,4170.415652,1215.176177,310.6487579,30.941344,48.00469804,50.05857806,1103.005896,197.33,0,0,126.12,0,0,323.45
n,2021,19,0,"1,495,637",1495637,"7,825",0.00523,188,9374,407,653,MANS,RFCW,8598.333528,8321.281869,6056.780096,22976.39549,"22,976.40",0.01536,8448.015563,114.1626264,31.47536422,4.6799742,8321.281869,0,0,3614.610933,1018.847066,310.6487579,12.305664,43.28703926,8.693875581,1048.386761,78.48,0,0,70.12,0,0,148.6
o,2007,5,14,"1,331,818",1331818,"4,185",0.00314,42,4570,185,311,NEWE,NEWE,6745.645151,3399.304747,8344.530269,18489.48017,"18,489.48",0.01388,6611.163263,108.899605,25.03920601,0.54307722,3399.304747,0,0,5810.587701,1120.525442,495.9429983,207.2784,239.2501359,134.7506169,336.194975,597,0,0,236,65.9,52,950.9
o,2008,6,13,"1,348,503",1348503,"4,191",0.00311,42,4570,185,311,NEWE,NEWE,6493.847092,3916.830575,8270.850768,18681.52844,"18,681.53",0.01385,6299.490348,135.5361192,58.2775477,0.54307722,3916.830575,0,0,5722.139061,1110.785329,478.5033464,205.8896,231.4039664,134.7506169,387.3788481,593,0,0,176,85,52,906
o,2013,11,8,"1,380,488",1380488,"4,183",0.00303,42,4526,197,315,NEWE,NEWE,6388.016757,3501.868471,5876.431824,15766.31705,"15,766.32",0.01142,5946.965848,174.2652492,263.7399228,3.04573722,3501.868471,0,0,3266.088635,1135.62386,410.4976248,402.6624,207.4408986,103.462231,350.6561743,749,0,0,153,97.5,52,1051.5
o,2012,10,9,"1,380,488",1380488,"4,267",0.00309,42,4649,195,304,NEWE,NEWE,5561.021189,3208.44272,4765.588852,13535.05276,"13,535.05",0.0098,5361.876918,158.8393057,38.40294441,1.9020216,3208.44272,0,0,2592.19285,770.8076103,339.4291831,393.5232,231.7105322,113.9955711,323.9299051,732,0,0,154,97.5,52,1035.5
o,2014,12,7,"1,397,864",1397864,"4,267",0.00305,42,4621,203,323,NEWE,NEWE,7416.444194,3376.524431,5851.714061,16644.68269,"16,644.68",0.01191,7092.093902,189.6008741,130.4948961,4.254522,3376.524431,0,0,3573.512958,1116.483094,438.7112077,291.6032,184.2186337,71.85675,175.3282174,566,0,0,153,97.5,52,868.5
o,2010,8,11,"1,400,111",1400111,"4,405",0.00315,42,4814,185,311,NEWE,NEWE,6450.967523,3456.997054,8629.903695,18537.86827,"18,537.87",0.01324,6259.369899,146.4754888,44.57905813,0.54307722,3456.997054,0,0,6354.197688,1041.302742,535.126694,176.0304,209.1516547,100.425016,213.6695001,507,0,0,127.5,63.8,52,750.3
o,2009,7,12,"1,401,349",1401349,"4,260",0.00304,42,4670,185,311,NEWE,NEWE,6248.136227,3402.28343,8205.63165,17856.05131,"17,856.05",0.01274,6073.826751,117.2741908,56.49220813,0.54307722,3402.28343,0,0,5740.08144,1106.098237,450.9182194,205.8896,231.4039664,134.7506169,336.48957,593,0,0,95,63.75,52,803.75
o,2011,9,10,"1,401,455",1401455,"4,296",0.00307,42,4664,185,311,NEWE,NEWE,6958.242366,3572.125438,5921.542533,16451.91034,"16,451.91",0.01174,6767.577414,158.3708624,31.7510123,0.54307722,3572.125438,0,0,3766.043862,1009.140322,357.3713188,247.2064,214.0301436,106.9651514,220.7853362,712,0,0,137,97.5,52,998.5
o,2015,13,6,"1,448,458",1448458,"4,245",0.00293,42,4590,202,327,NEWE,NEWE,7376.376849,3412.943653,6717.177125,17506.49763,"17,506.50",0.01209,7090.243966,181.8723574,101.227302,3.03322392,3412.943653,0,0,3782.7118,1025.139178,1052.303938,404.9472,177.5681218,96.88238639,177.6245008,786,0,0,100.5,117.9615,52,1056.4615
o,2016,14,5,"1,449,745",1449745,"4,260",0.00294,42,4610,204,323,NEWE,NEWE,7512.497965,3470.510983,5191.882333,16174.89128,"16,174.89",0.01116,7296.945457,179.861951,32.78747087,2.9030856,3470.510983,0,0,2363.620719,988.5021929,1010.205937,385.8848,198.5392325,82.90557535,162.2238761,749,0,0,73.4,312.2,51,1185.6
o,2017,15,4,"1,449,937",1449937,"4,280",0.00295,42,4637,204,323,NEWE,NEWE,7305.11361,3478.622194,5197.279951,15981.01576,"15,981.02",0.01102,7092.683896,175.6562406,36.61080096,0.1626729,3478.622194,0,0,2556.219038,810.2724782,1010.475658,377.852832,208.781059,70.86497536,162.8139114,733.41,0,0,72.33,526,8,1339.86
o,2018,16,3,"1,524,288",1524288,"4,804",0.00315,42,5310,221,332,NEWE,NEWE,7410.413683,3320.268221,6413.708579,17144.39048,"17,144.39",0.01125,7081.304163,175.5571986,151.0496612,2.50266,3320.268221,0,0,3508.617172,961.2935136,1118.866218,366.286592,216.5392726,72.72555013,169.3802612,710.96,0,0,71.92,322,7,1111.57
o,2019,17,2,"1,538,275",1538275,"4,663",0.00303,42,5111,225,339,NEWE,NEWE,7170.800686,3307.901499,6443.265537,16921.96772,"16,921.97",0.011,6993.270663,154.0871112,22.05728977,1.385622736,3307.901499,0,0,3609.875975,680.2986559,1347.097797,350.140224,181.7464864,105.4537982,168.6526007,679.62,0,0,94.2,329,0,1102.82
o,2020,18,1,"1,541,036",1541036,"4,716",0.00306,42,5253,225,339,NEWE,NEWE,6520.194942,3035.884277,3374.165839,12930.24506,"12,930.25",0.00839,6280.134888,145.3170475,93.41349307,1.329513098,3035.884277,0,0,1768.490864,508.8113572,559.5407818,266.3584,103.1055617,13.1454904,154.7133839,517,0,0,97,0,0,614
o,2021,19,0,"1,541,036",1541036,"4,717",0.00306,42,5253,225,339,NEWE,NEWE,6520,3036,3374,12930,"12,930.00",0.00839,6280,146,93,1,3036,0,0,1769,509,559,266,103,13,155,517,0,0,97,0,0,614
p,2014,12,7,"1,372,273",1372273,"4,927",0.00359,75,5746,367,456,NEWE,NEWE,3152.988548,7007.780251,5702.123061,15862.89186,"15,862.89",0.01156,3006.658315,139.4407968,0,6.889435776,7007.780251,0,0,2494.633978,2022.144091,821.7081663,-89.9255,151.6471231,6.158471998,295.7567301,0,1285,79,136.75,0,0,1500.89
p,2015,13,6,"1,529,895",1529895,"5,099",0.00333,75,5922,389,488,NEWE,NEWE,5037.264764,6929.734801,5985.485449,17952.48501,"17,952.49",0.01173,4092.907907,187.3218024,750.1456183,6.889435776,6929.734801,0,0,2416.543901,2011.483749,1160.373546,-92.1725,190.815561,5.979099148,292.4620926,0,1317,78,138.35,0,0,1533.34
p,2020,18,1,"1,550,860",1550860,"5,342",0.00344,76,6205,401,516,NEWE,NEWE,4226.361648,6230.037454,5629.16986,16085.56896,"16,085.57",0.01037,3230.405701,204.487789,784.5787224,6.889435776,6230.037454,0,0,2439.627195,1212.516367,1441.675374,9.3091,190.0288348,3.863453414,332.1495363,0,931,117,167.57,23.2925,18,1256.8825
p,2016,14,5,"1,551,221",1551221,"5,239",0.00338,75,6099,390,496,NEWE,NEWE,3639.4309,6345.733493,7549.74135,17534.90574,"17,534.91",0.0113,3218.690205,231.0208751,182.8303838,6.889435776,6345.733493,0,0,3762.283225,2006.799556,1316.821744,13.0184,147.3929371,5.804951138,297.6205375,0,1302,95,133.2,0,0,1530.21
p,2019,17,2,"1,560,126",1560126,"5,358",0.00343,76,6227,401,516,NEWE,NEWE,4629.764221,7625.137978,9025.749465,21280.65166,"21,280.65",0.01364,3977.242514,230.3480448,415.2842263,6.889435776,7625.137978,0,0,5389.232956,2070.683354,953.5926483,14.5425,190.2940699,3.863453414,403.5404834,0,1454,149,167.7,0,22,1792.72
p,2018,16,3,"1,560,126",1560126,"5,363",0.00344,76,6262,391,497,NEWE,NEWE,4637.087868,7385.563681,7882.241908,19904.89346,"19,904.89",0.01276,3779.757658,211.8194589,638.621316,6.889435776,7385.563681,0,0,4164.860082,2004.408948,1136.410488,14.3782,180.3551946,3.8932221,377.9357728,0,1438,216,158.45,0,14,1826.05
p,2017,15,4,"1,560,126",1560126,"5,241",0.00336,76,6101,389,498,NEWE,NEWE,4044.510677,7499.255294,8351.353383,19895.11935,"19,895.12",0.01275,3297.24816,208.4933894,531.8796915,6.889435776,7499.255294,0,0,3980.748703,2006.019648,1812.395157,12.8323,180.3551946,7.280317804,351.7220624,0,1283,102,147.2,0,0,1532.6
p,2021,19,0,"1,602,753",1602753,"5,386",0.00336,76,6335,366,480,NEWE,NEWE,4018.66,6877.37,5442.05,16338.08,"16,338.08",0.01019,3198.04,118.37,695.36,6.89,6877.37,0,0,3410.35,1403.36,69.22,12,177.98,3.86,365.28,0,1200,2422,142.78,27.8425,31,3823.3625
q,2006,4,15,"1,425,833",1425833,"4,193",0.00294,233,4680,337,574,MAAC,RFCE,4872.351437,10786.5775,8762.644394,24421.57333,"24,421.57",0.01713,4587.818437,245.9279258,25.94548356,12.65959007,10786.5775,0,0,3635.813608,2121.438786,1882.548767,-42.3024,86.52464223,11.81662269,1066.804368,1259,0,0,98.56666667,0,0,1357.566667
q,2007,5,14,"1,425,833",1425833,"4,307",0.00302,233,4816,343,584,MAAC,RFCE,4870.713279,9913.172525,8882.541104,23666.42691,"23,666.43",0.0166,4587.818437,244.2897681,25.94548356,12.65959007,9913.172525,0,0,3684.995403,2126.117362,2051.450859,-42.3024,70.03960033,11.81662269,980.4236563,1259,0,0,98.56666667,0,0,1357.566667
q,2008,6,13,"1,425,833",1425833,"4,484",0.00315,233,4992,365,622,MAAC,RFCE,4934.724361,9853.58655,8325.838059,23114.14897,"23,114.15",0.01621,4623.353231,239.7445326,58.9670081,12.65959007,9853.58655,0,0,3667.556631,2207.646106,1428.036314,-40.5552,76.80704727,11.81662269,974.5305379,1207,0,0,93.33,0,0,1300.33
q,2009,7,12,"1,438,518",1438518,"4,601",0.0032,233,5089,387,658,MAAC,RFCE,5240.713962,6899.451265,9834.081867,21974.24709,"21,974.25",0.01528,4811.416385,220.0364132,193.6179806,15.64318347,6899.451265,0,0,3745.497327,2341.678052,2868.123238,-39.0768,96.73436343,11.81662269,809.309063,1163,0,0,119.26,19.008,0,1301.268
q,2011,9,10,"1,445,518",1445518,"4,547",0.00315,233,4989,410,663,MAAC,RFCE,5133.146082,6897.753199,9030.452781,21061.35206,"21,061.35",0.01457,4785.936269,213.6326675,117.9340162,15.64312913,6897.753199,0,0,3665.369771,2400.38663,2255.357205,-24.458112,123.2279737,11.81662269,598.75269,727.92,0,0,81.94,93.76,0,903.62
q,2010,8,11,"1,445,518",1445518,"4,551",0.00315,233,5009,389,670,MAAC,RFCE,4999.456035,6792.247506,8788.360253,20580.06379,"20,580.06",0.01424,4465.168985,308.7350104,210.1297135,15.42232584,6792.247506,0,0,3678.430249,2367.094769,2128.39234,-42.3024,52.69706109,11.81662269,592.2316117,1259,0,0,83.11,272.22,0,1614.33
q,2014,12,7,"1,553,544",1553544,"4,285",0.00276,233,4841,287,585,MAAC,RFCE,5753.825199,5416.988084,8753.648048,19924.46133,"20,402.46",0.01313,5250.773535,252.0355475,247.14071,3.87540655,5416.988084,0,0,3723.862998,2105.220275,2232.530384,113.2768,95.16093639,73.5969899,409.9996645,778,0,0,0,0,0,778
q,2012,10,9,"1,553,544",1553544,"4,507",0.0029,233,4957,393,660,MAAC,RFCE,4460.865933,5649.645173,9634.299033,19744.81014,"19,744.81",0.01271,3887.895925,213.8512622,351.874281,7.244465256,5649.645173,0,0,3611.292281,2336.368636,2624.804077,108.6372,117.2750748,11.81662269,824.1051412,646.65,0,0,0,0,0,646.65
q,2013,11,8,"1,553,544",1553544,"4,512",0.0029,233,4960,393,663,MAAC,RFCE,4553.643562,4835.379449,9016.795168,18405.81818,"18,883.82",0.01216,4317.538565,232.2295903,0,3.87540655,4835.379449,0,0,3586.140072,2324.399704,2062.463549,106.68,121.6193817,73.5969899,741.8954708,635,0,0,0,0,0,635
q,2015,13,6,"1,581,242",1581242,"4,379",0.00277,233,4884,426,529,MAAC,RFCE,8473.576497,4504.287811,8388.412569,21366.27688,"21,844.28",0.01381,8127.00574,207.2724747,136.8102627,2.488019439,4504.287811,0,0,3459.872788,1926.406336,2450.77273,110.656,60.2266707,73.5969899,306.8810544,760,0,0,0,0,0,760
q,2016,14,5,"1,582,742",1582742,"3,984",0.00252,233,4492,410,410,MAAC,RFCE,8396.008274,3036.657616,8659.181163,20091.84705,"20,756.85",0.01311,8093.938596,204.9558477,96.59703112,0.51679929,3036.657616,0,0,3465.516641,1923.696389,2790.146024,101.4496,103.5020079,73.5969899,201.2735107,647,0,0,0,0,0,647
q,2021,19,0,"1,587,128",1587128,"3,722",0.00235,233,4136,298,529,MAAC,RFCE,7605.378567,0,987.7127284,8593.091295,"8,593.09",0.00541,7351.268277,196.8252988,45.14604859,12.1389427,0,0,0,0,465.6936825,74.87069054,57.0752,6.51311276,74.55620355,309.003839,364,0,0,0,0,0,364
q,2017,15,4,"1,594,692",1594692,"4,126",0.00259,233,4557,438,507,MAAC,RFCE,8241.898738,0,8628.567414,16870.46615,"17,348.47",0.01088,7789.172845,210.4254415,239.4967714,2.803680107,0,0,0,3516.101579,1702.928159,2932.200542,106.624,103.5020079,73.5969899,193.6141358,680,0,0,0,0,0,680
q,2019,17,2,"1,596,542",1596542,"4,305",0.0027,233,3898,590,587,MAAC,RFCE,8856.378937,0,8525.57029,17381.94923,"17,381.95",0.01089,8188.595883,203.7099025,458.8154861,5.257664999,0,0,0,3525.187878,1923.154074,2674.52805,104.1152,9.639797895,74.55620355,214.3890859,664,0,0,0,0,0,664
q,2018,16,3,"1,596,542",1596542,"3,950",0.00247,233,4070,610,587,MAAC,RFCE,8082.487132,361.7658963,7002.296982,15446.55001,"15,446.55",0.00968,7250.569826,206.4220209,622.6916055,2.803680107,361.7658963,0,0,3470.028095,1478.49773,1505.388988,121.9904,103.5020079,73.5969899,249.2927701,778,0,0,0,0,0,778
q,2020,18,1,"1,597,778",1597778,"3,947",0.00247,233,3737,563,589,MAAC,RFCE,7702.997303,0,5884.259208,13587.25651,"13,587.26",0.0085,7323.451318,236.9723014,137.3160182,5.257664999,0,0,0,3385.573958,1048.753852,1058.609497,0.0492352,6.51311276,74.55620355,310.2033485,0.314,0,0,0,0,0,0.314
r,2016,14,5,"1,441,028",1441028,"6,417",0.00445,24,7721,350,485,ECMI: ECAR Michigan,RFCM: RFC Michigan,998.2794275,14625.80868,737.6891975,16361.77731,"16,361.78",0.01135,934.219806,58.86853594,3.914728949,1.2763566,9230.763449,5395,0,0,0,250.1197593,0,13.17739229,40.44661724,433.9454286,0,0,0,131.5095264,101.7944,0,233.3039264
r,2018,16,3,"1,451,062",1451062,"6,196",0.00427,22,7372,369,521,ECMI: ECAR Michigan,RFCM: RFC Michigan,1171.020598,15308.73532,917.7304992,17397.48642,"17,397.49",0.01199,1088.067758,75.61397603,6.038731921,1.30013187,9390.408261,5918,0,0,0,385.081382,0,15.7242999,34.95809663,481.9667206,0,0,0,131.5095264,104.2944,0,235.8039264
r,2020,18,1,"1,451,062",1451062,"5,514",0.0038,22,6452,395,505,ECMI: ECAR Michigan,RFCM: RFC Michigan,1229.405897,14613.97768,632.2828662,16475.66644,"16,475.67",0.01135,999.8391614,53.6424247,175.0671503,0.85716105,8293.471298,6321,0,0,0,170.9632733,0,12.14071685,23.51291423,425.6659618,0,0,0,131.5095264,104.2944,0,235.8039264
r,2019,17,2,"1,451,062",1451062,"6,011",0.00414,22,7101,390,524,ECMI: ECAR Michigan,RFCM: RFC Michigan,1198.219167,14337.77097,916.6506337,16452.64077,"16,452.64",0.01134,1123.783883,70.76150979,1.621592723,2.0521812,8959.021161,5379,0,0,0,412.8748858,0,11.27218329,32.6779715,459.8255931,0,0,0,131.5095264,104.2944,0,235.8039264
r,2017,15,4,"1,457,152",1457152,"6,358",0.00436,24,7591,365,522,ECMI: ECAR Michigan,RFCM: RFC Michigan,1069.718183,14481.22767,697.9416545,16248.88751,"16,248.89",0.01115,931.4168758,57.1786789,77.20346254,3.91916556,9135.927338,5345,0,0,0,218.4316503,0,13.71098609,36.31190954,429.4871086,0,0,0,131.5095264,101.7944,0,233.3039264
r,2021,19,0,"1,469,727",1469727,"5,483",0.00373,22,6452,405,453,ECMI: ECAR Michigan,RFCM: RFC Michigan,1335.445881,17774.10194,6212.748754,25322.29658,"25,322.30",0.01723,1232.981371,60.64431386,41.82019593,0,9984.950551,7789,0,4626.769896,924.7018752,126.2465475,0,10.96825523,11.58032274,512.4818579,0,0,0,131.5095264,107.11815,0,238.6276764
s,2009,7,12,"1,507,167",1507167,"4,749",0.00315,196,4863,196,378,NEWE,NEWE,7973.943831,4599.715409,5232.228983,17805.88822,"17,805.89",0.01181,7707.520378,207.4327667,42.6957426,16.29494324,4599.715409,0,0,2489.136215,935.1990274,1304.275779,-26.0391,17.00604884,57.73410394,454.9169086,867.97,0,0,195.86,0,15,1079.02
s,2011,9,10,"1,507,167",1507167,"4,945",0.00328,196,5086,216,393,NEWE,NEWE,6958.650848,4421.79857,4894.204773,16274.65419,"16,274.65",0.0108,6584.623583,237.4396253,120.2926965,16.29494324,4421.79857,0,0,2714.606182,983.2381098,816.1820184,-25.8984,17.63241057,115.1426607,273.3017921,863.28,0,0,199.93,0,6,1069.47
s,2014,12,7,"1,507,167",1507167,"5,202",0.00345,196,5305,240,400,NEWE,NEWE,6834.44571,3854.757109,4950.861873,15640.06469,"15,640.06",0.01038,6322.733425,249.1711157,246.2462258,16.29494324,3854.757109,0,0,2642.72019,1081.388512,934.2594437,-29.0694,16.84455875,103.117571,201.6009979,968.98,0,0,166.53,0,1,1136.26163
s,2010,8,11,"1,507,167",1507167,"4,860",0.00322,196,4971,212,407,NEWE,NEWE,6264.173768,4382.182704,4975.118056,15621.47453,"15,621.47",0.01036,6037.139797,210.7390281,0,16.29494324,4382.182704,0,0,2614.480996,1004.049555,966.3054045,-26.0391,16.96359517,128.5043845,270.8532212,867.97,0,0,195.86,0,0,1063.83
s,2013,11,8,"1,507,167",1507167,"5,050",0.00335,196,5165,224,386,NEWE,NEWE,6545.823968,4001.538261,4829.328331,15376.69056,"15,376.69",0.0102,6128.235994,209.8915652,191.4014652,16.29494324,4001.538261,0,0,2597.591363,955.0168139,786.740459,-29.0694,17.9276754,97.11922254,404.0021974,968.98,0,0,0,0,0,968.98
s,2012,10,9,"1,507,167",1507167,"5,123",0.0034,196,5239,222,375,NEWE,NEWE,6118.619838,3876.419673,5041.708433,15036.74794,"15,036.75",0.00998,5819.218014,222.2801438,60.82673682,16.29494324,3876.419673,0,0,2553.265608,958.180676,1027.750166,-26.265,15.11159047,122.2953825,391.3700092,875.5,0,0,224.68,0,0,1100.18
s,2015,13,6,"1,511,617",1511617,"5,534",0.00366,196,5637,236,404,NEWE,NEWE,7058.6158,3920.377018,4975.852463,15954.84528,"15,954.85",0.01055,6337.733556,225.3172441,490.5737559,4.991243875,3920.377018,0,0,2710.77032,1079.092875,855.0627824,-29.0694,17.86226857,137.1007449,205.0328715,968.98,0,0,171.71,0,6,1146.814
s,2016,14,5,"1,511,617",1511617,"5,605",0.00371,196,5680,236,441,NEWE,NEWE,6597.431908,3916.14805,4372.45238,14886.03234,"14,886.03",0.00985,6350.226592,225.3172441,0,21.8880724,3916.14805,0,0,2641.263389,963.2022576,467.3436026,-30.12,20.13329154,105.8181392,204.8116996,1004,0,0,171.71,0,6,1181.834
s,2017,15,4,"1,511,617",1511617,"5,605",0.00371,196,5680,236,441,NEWE,NEWE,6597.431908,3916.14805,4372.45238,14886.03234,"14,886.03",0.00985,6350.226592,225.3172441,0,21.8880724,3916.14805,0,0,2641.263389,963.2022576,467.3436026,-30.12,20.13329154,105.8181392,204.8116996,1004,0,0,171.71,0,6,1181.834
t,2005,3,16,"1,515,015",1515015,"3,438",0.00227,156,3529,173,424,NWPN,NWPP,3840.440359,5044.985446,4864.523348,13749.94915,"13,749.95",0.00908,3668.460019,128.8427585,38.91822535,4.219355811,5044.985446,0,0,0,0,4120.920812,155.31,12.51011767,76.82781377,498.9546046,501,0,0,348,94.54,0,943.54
t,2006,4,15,"1,515,015",1515015,"3,407",0.00225,156,3467,185,440,NWPN,NWPP,3940.34865,5023.056714,4778.429893,13741.83526,"13,741.84",0.00907,3723.480285,129.2560527,83.39295722,4.219355811,5023.056714,0,0,0,0,4005.698533,186.6076,12.51011767,76.82781377,496.7858289,601.96,0,0,418,111.95,0,1131.91
t,2004,2,17,"1,515,015",1515015,"3,376",0.00223,156,3455,173,424,NWPN,NWPP,3855.633676,4781.968562,5062.697925,13700.30016,"13,700.30",0.00904,3675.018585,129.0452277,47.3505075,4.219355811,4781.968562,0,0,0,0,4345.176247,155.2418,12.51011767,76.82781377,472.9419457,500.78,0,0,348,77.13,0,925.91
t,2014,12,7,"1,544,508",1544508,"3,509",0.00227,156,3545,187,474,NWPN,NWPP,3758.102302,3258.925806,7460.198867,14477.22698,"14,477.23",0.00937,3393.332631,83.06255563,280.868251,0.838864517,3258.925806,0,0,2269.072058,1049.777809,3757.639316,-8.9979,11.64083923,37.74345703,343.3232875,299.93,0,0,163.63,214.07,29,706.74
t,2013,11,8,"1,546,003",1546003,"3,522",0.00228,156,3570,194,468,NWPN,NWPP,4347.737774,2557.402827,7603.92891,14509.06951,"14,509.07",0.00938,4215.064824,116.1769771,12.97274178,3.523230971,2557.402827,0,0,2323.495023,1050.024816,3899.069616,-10.053,7.833160263,37.69577022,295.863524,335.1,0,0,168.4,270.41,2,775.44
t,2008,6,13,"1,573,422",1573422,"3,442",0.00219,156,3503,183,448,NWPN,NWPP,4114.771663,6775.666954,5238.219147,16128.65776,"16,128.66",0.01025,3930.501121,121.0252112,59.02597511,4.219355811,6775.666954,0,0,0,0,4342.763308,135.997,12.51011767,76.82781377,670.1209076,438.7,0,0,305,193.73,0,937.43
t,2009,7,12,"1,573,422",1573422,"3,392",0.00216,156,3440,188,448,NWPN,NWPP,4331.376749,6301.267803,5020.783537,15653.42809,"15,653.43",0.00995,4134.555924,148.8641006,38.91822535,9.038499752,6301.267803,0,0,0,0,4055.624295,252.619,12.51011767,76.82781377,623.2023102,814.9,0,0,563.3,219.75,0,1597.95
t,2007,5,14,"1,573,422",1573422,"3,408",0.00217,156,3483,188,420,NWPN,NWPP,3971.660255,6671.384526,4811.99728,15455.04206,"15,455.04",0.00982,3779.328083,129.0868414,59.02597511,4.219355811,6671.384526,0,0,0,0,3876.232088,186.62,12.51011767,76.82781377,659.8072608,602,0,0,418,152.84,0,1172.84
t,2015,13,6,"1,585,097",1585097,"3,260",0.00206,156,3280,186,444,NWPN,NWPP,3330.73991,3275.570457,6104.296539,12710.60691,"12,710.61",0.00802,3134.493164,87.79726392,102.2712449,6.178237166,3275.570457,0,0,2163.468355,997.9841771,2568.1797,-2.0115,12.71517624,31.504967,332.4556638,67.05,0,0,63.71,36.62,29,196.49
t,2016,14,5,"1,585,097",1585097,"3,260",0.00206,156,3280,186,444,NWPN,NWPP,3056.327775,5193.839893,3342.154508,11592.32218,"11,592.32",0.00731,2911.111013,86.3692295,55.46690794,3.380624003,5193.839893,0,0,0,0,3004.810866,-2.0115,11.28362797,34.77746277,293.2940511,67.05,0,0,63.71,36.62,29,196.49
t,2017,15,4,"1,585,097",1585097,"3,260",0.00206,156,3280,186,444,NWPN,NWPP,3056.327775,5193.839893,3342.154508,11592.32218,"11,592.32",0.00731,2911.111013,86.3692295,55.46690794,3.380624003,5193.839893,0,0,0,0,3004.810866,-2.0115,11.28362797,34.77746277,293.2940511,67.05,0,0,63.71,36.62,29,196.49
t,2011,9,10,"1,591,880",1591880,"3,313",0.00208,156,3337,190,456,NWPN,NWPP,4242.118183,5950.484376,6595.064458,16787.66702,"16,787.67",0.01055,3917.557366,110.557829,210.8029716,3.200016472,5950.484376,0,0,0,0,5477.480673,228.16,12.51011767,440.0167896,436.8968778,736,0,0,0,248,0,984
t,2010,8,11,"1,591,880",1591880,"3,366",0.00211,156,3404,183,459,NWPN,NWPP,3810.626265,6212.0683,4860.516044,14883.21061,"14,883.21",0.00935,3683.354006,115.652292,8.432282158,3.187685164,6212.0683,0,0,0,0,3981.81137,228.16,12.51011767,181.9316454,456.1029108,736,0,0,0,248,0,984
t,2012,10,9,"1,591,880",1591880,"3,499",0.0022,156,3556,194,453,NWPN,NWPP,3846.925116,2454.36543,8002.217124,14303.50767,"14,303.51",0.00899,3710.461541,121.972488,12.97274178,1.518344775,2454.36543,0,0,2315.067919,1025.285338,4212.094274,103.54,12.51011767,40.74578671,292.973688,334,0,0,220.9,300.46,9,864.77
u,2004,2,17,"1,751,285",1751285,"3,943",0.00225,163,4899,358,0,NEWE,NEWE,3240.497025,11841.10557,8174.091203,23255.6938,"23,255.69",0.01328,3188.923207,39.994785,0,11.57903349,11841.10557,0,0,971.9650988,1414.763234,4577.20112,-118.28,11.0182267,146.3251702,1171.098353,0,2957,0,141.48,0,0,3098.48
u,2005,3,16,"1,751,285",1751285,"3,951",0.00226,163,4909,359,0,NEWE,NEWE,2766.117586,11974.1098,7851.581497,22591.80888,"22,591.81",0.0129,2714.622577,39.91597589,0,11.57903349,11974.1098,0,0,866.6525545,1421.71283,4339.900097,-118.28,11.0182267,146.3251702,1184.252618,0,2957,0,141.48,0,0,3098.48
u,2006,4,15,"1,839,287",1839287,"3,930",0.00214,163,4867,373,0,NEWE,NEWE,2989.756045,12315.51706,7712.65166,23017.92477,"23,017.92",0.01251,2938.466749,39.71026253,0,11.57903349,12315.51706,0,0,838.3695404,1398.284727,4218.915825,-118.28,11.0182267,146.3251702,1218.018171,0,2957,0,141.48,0,0,3098.48
u,2009,7,12,"1,890,436",1890436,"4,493",0.00238,163,5012,385,594,NEWE,NEWE,3364.282016,9043.816854,7464.966748,19873.06562,"19,873.07",0.01051,3315.115662,38.07066376,0,11.09569019,9043.816854,0,0,850.4091166,1363.88899,4306.471227,-117.88,21.30881875,146.3251702,894.4434251,0,2947,0,141.48,0,0,3088.48
u,2011,9,10,"1,890,436",1890436,"5,454",0.00288,163,5193,381,584,NEWE,NEWE,3846.515919,8239.419377,7055.851877,19141.78717,"19,141.79",0.01013,3731.396116,106.6951752,0,8.424627985,8239.419377,0,0,877.9837655,2304.504451,3239.844954,-57.56,22.70717573,159.1108646,509.2606653,0,1439,0,208,0,0,1647
u,2010,8,11,"1,890,436",1890436,"5,345",0.00283,163,5049,369,594,NEWE,NEWE,2858.816115,8328.89841,6397.481292,17585.19582,"17,585.20",0.0093,2744.548169,105.657373,0,8.61057292,8328.89841,0,0,853.0903436,1347.964694,3629.417845,-117.88,23.77206862,146.3251702,514.7911705,0,2947,0,141.48,0,0,3088.48
u,2012,10,9,"1,890,436",1890436,"5,294",0.0028,163,5008,364,573,NEWE,NEWE,3155.623426,6846.402586,7197.262105,17199.28812,"17,199.29",0.0091,3052.09405,94.93334267,0,8.596033576,6846.402586,0,0,1064.550488,1975.522678,3325.096149,-12.4313,25.74798033,127.5515088,691.2246013,0,1243,0,278.98,0,0,1522.11
u,2007,5,14,"1,907,563",1907563,"4,421",0.00232,163,4925,372,597,NEWE,NEWE,3231.430158,10436.96036,7330.542512,20998.93303,"20,998.93",0.01101,3180.433158,39.417967,0,11.57903349,10436.96036,0,0,801.1762022,1375.135346,4082.940717,-118.28,11.0182267,146.3251702,1032.226849,0,2957,0,141.48,0,0,3098.48
u,2008,6,13,"1,907,563",1907563,"4,476",0.00235,163,4989,372,607,NEWE,NEWE,3396.847295,10352.21501,7170.617764,20919.68007,"20,919.68",0.01097,3345.989121,39.27914081,0,11.57903349,10352.21501,0,0,836.7519287,1379.812659,3875.970741,-117.88,25.7918239,146.3251702,1023.845441,0,2947,0,141.48,0,0,3088.48
u,2013,11,8,"1,925,435",1925435,"5,379",0.00279,163,5117,368,573,NEWE,NEWE,4038.139519,0,7137.215394,11175.35491,"11,175.35",0.0058,3886.915917,103.8293659,45.08980313,2.304433311,0,0,0,1083.101499,1972.818811,3190.232571,-9.2324,25.37741784,145.0783205,729.8391749,0,923,0,251.67,158.38,0,1333.29
u,2014,12,7,"1,939,299",1939299,"5,465",0.00282,163,5251,340,582,NEWE,NEWE,4020.44832,0,6983.975461,11004.42378,"11,004.42",0.00567,3861.516516,111.09408,45.08980313,2.74792068,0,0,0,1417.915661,2157.935969,2984.611199,-52.934,22.37062785,113.9950235,340.0809802,0,756,0,252.6834,215.232,0,1224.1154
u,2015,13,6,"1,939,299",1939299,"5,472",0.00282,163,5196,404,582,NEWE,NEWE,4140.698439,0,6628.140261,10768.8387,"7,431.84",0.00383,4033.262545,103.872707,0,3.563187202,0,0,0,1219.568416,1959.060642,3032.607672,-33.1079,22.66195489,113.9950235,313.354453,0,473,0,284.627,189.632,0,947.229
u,2016,14,5,"1,954,401",1954401,"5,375",0.00275,163,5119,354,582,NEWE,NEWE,3559.583122,0,7701.408081,11260.9912,"8,007.99",0.0041,3487.49276,69.26076044,0,2.829601496,0,0,0,1488.155905,2121.909444,3658.798567,5.3991,23.97609024,113.9950235,289.1739513,0,540,0,280.37,164.13,0,984.41
u,2017,15,4,"1,954,401",1954401,"5,437",0.00278,163,5180,342,600,NEWE,NEWE,3632.956297,0,7158.807928,10791.76423,"7,538.76",0.00386,3539.792889,89.81655106,0,3.346857271,0,0,0,1280.905448,1828.302798,3664.540797,6.6,22.75133453,75.05085306,280.6566978,0,660,0,346.83,191.99,0,1198.82
u,2018,16,3,"1,954,401",1954401,"5,461",0.00279,163,5228,349,601,NEWE,NEWE,3181.705792,0,6018.346913,9200.052705,"5,947.05",0.00304,3107.11178,66.85260328,0,7.741409066,0,0,0,906.0549457,946.6365462,3733.838306,7.5164,24.84290417,101.1163355,298.3414753,0,752,0,226.77,167.24,0,1145.65
u,2019,17,2,"2,030,856",2030856,"5,439",0.00268,163,5170,371,607,NEWE,NEWE,3229.296689,0,5959.550571,9188.84726,"5,935.85",0.00292,3145.65207,74.55294542,0,9.091674034,0,0,0,898.5516744,881.6732209,3780.837812,7.4123,30.18881679,82.8274047,278.0593417,0,741,0,373.65,196.45,0,1311.33
u,2020,18,1,"2,030,856",2030856,"5,332",0.00263,163,5027,366,614,NEWE,NEWE,2817.87014,0,3766.760506,6584.630646,"4,884.63",0.00241,2737.475366,71.0568826,0,9.337891293,0,0,0,653.1442462,690.7276604,2098.461254,5.46,19.15886456,65.49606593,234.3124152,0,546,0,220,120.55,0,886.55
u,2021,19,0,"2,030,856",2030856,"4,848",0.00239,163,4847,351,578,NEWE,NEWE,2508.662823,0,981.6586284,3490.321451,"3,052.32",0.0015,2463.711904,35.61302766,0,9.337891293,0,0,0,133.43579,601.9853547,8.593367916,5.7223,14.63170076,16.1912787,201.0988364,0,572,0,169.37,54.69,0,796.29
v,2015,13,6,"1,759,976",1759976,"8,059",0.00458,0,8195,315,1232,MAAC All,RFC East,9100.297789,10012.50566,15905.00364,35017.80709,"35,017.81",0.0199,7853.664841,843.3736842,402.8694032,0.389860163,10012.50566,0,0,10013.94497,3857.559146,1055.165059,382.0208,17.19880528,6.399032655,572.7158307,741.5,0,0,190.62,200,0,1132.12
v,2016,14,5,"1,759,976",1759976,"8,097",0.0046,0,8254,315,1223,MAAC All,RFC East,7577.131035,9534.31241,15912.3198,33023.76324,"33,023.76",0.01876,6230.250588,845.1544049,500.8056658,0.920376005,9534.31241,0,0,10264.22894,3816.458463,902.9929649,373.071776,18.36975972,51.39815019,485.7997384,724.13,0,0,204.55,200,0,1128.68
v,2017,15,4,"1,791,866",1791866,"8,448",0.00471,0,8696,320,1277,MAAC All,RFC East,7033.721218,10043.73501,16442.96321,33520.41944,"33,520.42",0.01871,5676.895427,858.4596955,497.7427834,0.6233118,10043.73501,0,0,10273.8242,3987.747112,1207.973874,382.556608,18.08355283,60.18357287,512.5942868,742.54,0,0,203.12,200,0,1145.66
v,2018,16,3,"2,131,991",2131991,"8,842",0.00415,0,9076,330,1351,MAAC All,RFC East,5312.770605,9297.564001,17068.36192,31678.69653,"31,678.70",0.01486,4105.976393,838.3557663,367.8520722,0.586373516,9297.564001,0,0,10436.58994,4204.456566,1312.095955,500.501344,18.0773195,63.74329728,532.8975,971.47,0,0,219.45,200,0,1390.92
v,2019,17,2,"2,223,727",2223727,"9,152",0.00412,0,9415,343,1368,MAAC All,RFC East,6631.817313,11255.15208,15095.59066,32982.56005,"32,982.56",0.01483,5301.571984,667.852935,661.717559,0.674835167,11255.15208,0,0,9049.667696,4267.326503,656.1489772,427.111104,18.63373947,60.00856281,616.6940778,829.02,0,0,205.18,200,0,1234.2
v,2020,18,1,"2,223,727",2223727,"9,143",0.00411,0,9389,352,1319,MAAC All,RFC East,5436.038011,11166.49403,13109.61201,29712.14406,"29,712.14",0.01336,4480.229997,596.8242836,358.8709433,0.11278718,11166.49403,0,0,7714.470822,4145.757318,298.0323934,282.092608,12.57599317,46.40748386,610.2753958,547.54,0,0,89.99,200,0,837.53
v,2021,19,0,"2,223,727",2223727,"9,143",0.00411,0,9389,352,1319,MAAC All,RFC East,5436.038011,11166.49403,13109.61201,29712.14406,"29,712.14",0.01336,4480.229997,596.8242836,358.8709433,0.11278718,11166.49403,0,0,7714.470822,4145.757318,298.0323934,282.092608,12.57599317,46.40748386,610.2753958,547.54,0,0,89.99,200,0,837.53
